/*
MySQL Backup
Database: frame
Backup Time: 2026-02-08 05:04:25
*/

SET FOREIGN_KEY_CHECKS=0;
DROP TABLE IF EXISTS `frame`.`sys_file`;
DROP TABLE IF EXISTS `frame`.`sys_group`;
DROP TABLE IF EXISTS `frame`.`sys_group_permission`;
DROP TABLE IF EXISTS `frame`.`sys_log`;
DROP TABLE IF EXISTS `frame`.`sys_mapping_column`;
DROP TABLE IF EXISTS `frame`.`sys_mapping_table`;
DROP TABLE IF EXISTS `frame`.`sys_option`;
DROP TABLE IF EXISTS `frame`.`sys_option_request`;
DROP TABLE IF EXISTS `frame`.`sys_option_sql`;
DROP TABLE IF EXISTS `frame`.`sys_permission`;
DROP TABLE IF EXISTS `frame`.`sys_role`;
DROP TABLE IF EXISTS `frame`.`sys_role_column`;
DROP TABLE IF EXISTS `frame`.`sys_role_group`;
DROP TABLE IF EXISTS `frame`.`sys_role_table`;
DROP TABLE IF EXISTS `frame`.`sys_users`;
DROP TABLE IF EXISTS `frame`.`sys_users_login_log`;
DROP TABLE IF EXISTS `frame`.`world`;
CREATE TABLE `sys_file` (
  `sys_file_id` bigint(20) NOT NULL COMMENT 'ID',
  `sys_file_path` varchar(100) DEFAULT NULL COMMENT '相对路径',
  `sys_file_md5` varchar(64) DEFAULT NULL COMMENT '数据摘要',
  `sys_file_time` datetime DEFAULT NULL COMMENT '上传时间',
  `sys_file_type` varchar(100) DEFAULT NULL COMMENT '文件类型',
  PRIMARY KEY (`sys_file_id`) USING BTREE,
  KEY `suoyin_sys_file_path` (`sys_file_path`) USING BTREE,
  KEY `suoyin_sys_file_md5` (`sys_file_md5`) USING BTREE
) ENGINE=InnoDB DEFAULT CHARSET=utf8mb4 ROW_FORMAT=DYNAMIC;
CREATE TABLE `sys_group` (
  `sys_group_id` bigint(20) NOT NULL COMMENT '权限组ID',
  `sys_group_name` varchar(255) NOT NULL COMMENT '权限组名称',
  `sys_group_type` bigint(255) DEFAULT NULL COMMENT '权限组类型',
  `sys_group_desc` varchar(255) DEFAULT NULL COMMENT '权限组描述',
  `sys_group_sup` bigint(255) DEFAULT NULL COMMENT '权限组上级',
  PRIMARY KEY (`sys_group_id`) USING BTREE
) ENGINE=InnoDB DEFAULT CHARSET=utf8mb4 ROW_FORMAT=DYNAMIC;
CREATE TABLE `sys_group_permission` (
  `sys_group_permission_id` bigint(20) NOT NULL,
  `sys_group_permission_pid` bigint(20) DEFAULT NULL,
  `sys_group_permission_gid` bigint(20) DEFAULT NULL,
  `sys_group_permission_time` datetime DEFAULT NULL,
  PRIMARY KEY (`sys_group_permission_id`) USING BTREE,
  KEY `suoyin_sys_group_permission_pid` (`sys_group_permission_pid`) USING BTREE,
  KEY `suoyin_sys_group_permission_gid` (`sys_group_permission_gid`) USING BTREE
) ENGINE=InnoDB DEFAULT CHARSET=utf8mb4 ROW_FORMAT=DYNAMIC;
CREATE TABLE `sys_log` (
  `sys_log_id` bigint(20) NOT NULL COMMENT '日志ID',
  `sys_log_time` datetime DEFAULT NULL COMMENT '时间',
  `sys_log_ms` bigint(20) DEFAULT NULL COMMENT '耗时',
  `sys_log_sql` longtext COMMENT 'sql',
  PRIMARY KEY (`sys_log_id`) USING BTREE
) ENGINE=InnoDB DEFAULT CHARSET=utf8mb4 ROW_FORMAT=DYNAMIC;
CREATE TABLE `sys_mapping_column` (
  `sys_mapping_column_id` bigint(20) NOT NULL COMMENT '映射ID',
  `sys_mapping_column_name` varchar(100) DEFAULT NULL COMMENT '列名驼峰',
  `sys_mapping_column_title` varchar(100) DEFAULT NULL COMMENT '标题',
  `sys_mapping_column_width` bigint(20) DEFAULT NULL COMMENT '宽度',
  `sys_mapping_column_file` varchar(255) DEFAULT NULL COMMENT '文件模板',
  `sys_mapping_column_image` varchar(255) DEFAULT NULL COMMENT '图片模板',
  `sys_mapping_column_date` varchar(255) DEFAULT NULL COMMENT '时间模板',
  `sys_mapping_column_number` bigint(20) DEFAULT NULL COMMENT '是否数字',
  `sys_mapping_column_text` bigint(20) DEFAULT NULL COMMENT '是否文本',
  `sys_mapping_column_table` bigint(20) DEFAULT NULL COMMENT '表ID',
  `sys_mapping_column_request` varchar(100) DEFAULT NULL COMMENT '引用模板',
  `sys_mapping_column_option` varchar(100) DEFAULT NULL COMMENT '选项模板',
  `sys_mapping_column_sql` varchar(100) DEFAULT NULL COMMENT 'sql模板',
  PRIMARY KEY (`sys_mapping_column_id`)
) ENGINE=InnoDB DEFAULT CHARSET=utf8mb4;
CREATE TABLE `sys_mapping_table` (
  `sys_mapping_table_id` bigint(20) NOT NULL,
  `sys_mapping_table_name` varchar(255) DEFAULT NULL,
  `sys_mapping_table_title` varchar(255) DEFAULT NULL,
  PRIMARY KEY (`sys_mapping_table_id`)
) ENGINE=InnoDB DEFAULT CHARSET=utf8mb4;
CREATE TABLE `sys_option` (
  `sys_option_id` bigint(20) NOT NULL COMMENT '选项id',
  `sys_option_key` varchar(100) DEFAULT NULL COMMENT '选项名称',
  `sys_option_title` varchar(255) DEFAULT NULL COMMENT '选项标题',
  `sys_option_value` varchar(255) DEFAULT NULL COMMENT '选项值',
  `sys_option_state` bigint(255) DEFAULT NULL COMMENT '选项状态',
  PRIMARY KEY (`sys_option_id`) USING BTREE,
  KEY `suoyin_sys_option_key` (`sys_option_key`) USING BTREE
) ENGINE=InnoDB DEFAULT CHARSET=utf8mb4 ROW_FORMAT=DYNAMIC;
CREATE TABLE `sys_option_request` (
  `sys_option_request_id` bigint(20) NOT NULL,
  `sys_option_request_url` varchar(100) DEFAULT NULL COMMENT '请求地址',
  `sys_option_request_met` varchar(10) DEFAULT NULL COMMENT '请求方式',
  `sys_option_request_data` varchar(255) DEFAULT NULL COMMENT '请求参数',
  `sys_option_request_title_name` varchar(100) DEFAULT NULL COMMENT '标题键名',
  `sys_option_request_val_name` varchar(100) DEFAULT NULL COMMENT '内容键名',
  `sys_option_request_search_url` varchar(255) DEFAULT NULL COMMENT '搜索请求地址',
  `sys_option_request_search_met` varchar(255) DEFAULT NULL COMMENT '搜索请求方式',
  `sys_option_request_search_data` varchar(255) DEFAULT NULL COMMENT '搜索请求参数',
  `sys_option_request_search_title_name` varchar(255) DEFAULT NULL COMMENT '搜索标题键名',
  `sys_option_request_search_val_name` varchar(255) DEFAULT NULL COMMENT '搜索内容键名',
  `sys_option_request_key` varchar(100) DEFAULT NULL COMMENT '助记名称',
  PRIMARY KEY (`sys_option_request_id`)
) ENGINE=InnoDB DEFAULT CHARSET=utf8mb4;
CREATE TABLE `sys_option_sql` (
  `sys_option_sql_id` bigint(20) NOT NULL COMMENT '唯一索引',
  `sys_option_sql_sql` varchar(255) DEFAULT NULL COMMENT 'sql语句',
  `sys_option_sql_title_name` varchar(255) DEFAULT NULL COMMENT '标题键名',
  `sys_option_sql_val_name` varchar(255) DEFAULT NULL COMMENT '内容键名',
  `sys_option_sql_key` varchar(100) DEFAULT NULL COMMENT '助记名称',
  PRIMARY KEY (`sys_option_sql_id`)
) ENGINE=InnoDB DEFAULT CHARSET=utf8mb4;
CREATE TABLE `sys_permission` (
  `sys_permission_id` bigint(20) NOT NULL COMMENT '权限名称',
  `sys_permission_name` varchar(255) DEFAULT NULL COMMENT '权限名称',
  `sys_permission_data` varchar(255) DEFAULT NULL COMMENT '权限数据',
  `sys_permission_type` bigint(20) DEFAULT NULL COMMENT '权限类型',
  `sys_permission_desc` varchar(255) DEFAULT NULL COMMENT '权限备注',
  `sys_permission_sup` bigint(20) DEFAULT NULL COMMENT '权限上级',
  `sys_permission_sort` bigint(20) DEFAULT NULL COMMENT '权限排序',
  PRIMARY KEY (`sys_permission_id`) USING BTREE,
  KEY `suoyin_sys_permission_name` (`sys_permission_name`) USING BTREE,
  KEY `suoyin_sys_permission_sup` (`sys_permission_sup`) USING BTREE,
  KEY `suoyin_sys_permission_sort` (`sys_permission_sort`) USING BTREE,
  KEY `suoyin_sys_permission_type` (`sys_permission_type`) USING BTREE
) ENGINE=InnoDB DEFAULT CHARSET=utf8mb4 ROW_FORMAT=DYNAMIC;
CREATE TABLE `sys_role` (
  `sys_role_id` bigint(20) NOT NULL,
  `sys_role_name` varchar(100) DEFAULT NULL,
  `sys_role_state` bigint(20) DEFAULT NULL,
  `sys_role_time` datetime DEFAULT NULL,
  PRIMARY KEY (`sys_role_id`)
) ENGINE=InnoDB DEFAULT CHARSET=utf8mb4;
CREATE TABLE `sys_role_column` (
  `sys_role_column_id` bigint(11) NOT NULL COMMENT 'ID',
  `sys_role_column_table` bigint(20) DEFAULT NULL COMMENT '表ID',
  `sys_role_column_name` varchar(100) DEFAULT NULL COMMENT '列名 驼峰',
  `sys_role_column_table_show` bigint(20) DEFAULT NULL COMMENT '是否显示在表格',
  `sys_role_column_query` bigint(20) DEFAULT NULL COMMENT '是否参与查询',
  `sys_role_column_save` bigint(20) DEFAULT NULL COMMENT '是否参与新增',
  `sys_role_column_update` bigint(20) DEFAULT NULL COMMENT '是否参与修改',
  `sys_role_column_edit` bigint(20) DEFAULT NULL COMMENT '是否参与编辑',
  `sys_role_column_query_def` varchar(100) DEFAULT NULL COMMENT '查询默认值',
  `sys_role_column_query_symbol` bigint(20) DEFAULT NULL COMMENT '查询运算符',
  `sys_role_column_query_montage` bigint(20) DEFAULT NULL COMMENT '查询连接符',
  `sys_role_column_save_def` varchar(100) DEFAULT NULL COMMENT '新增默认值',
  `sys_role_column_update_def` varchar(100) DEFAULT NULL COMMENT '修改默认值',
  `sys_role_column_role` bigint(20) DEFAULT NULL COMMENT '角色',
  PRIMARY KEY (`sys_role_column_id`)
) ENGINE=InnoDB DEFAULT CHARSET=utf8mb4;
CREATE TABLE `sys_role_group` (
  `sys_role_group_id` bigint(20) NOT NULL,
  `sys_role_group_rid` bigint(20) DEFAULT NULL,
  `sys_role_group_gid` bigint(20) DEFAULT NULL,
  PRIMARY KEY (`sys_role_group_id`)
) ENGINE=InnoDB DEFAULT CHARSET=utf8mb4;
CREATE TABLE `sys_role_table` (
  `sys_role_table_id` bigint(20) NOT NULL COMMENT 'ID',
  `sys_role_table_name` varchar(255) DEFAULT NULL COMMENT '表名-驼峰',
  `sys_role_table_save` bigint(20) DEFAULT NULL COMMENT '按钮新增',
  `sys_role_table_query` bigint(20) DEFAULT NULL COMMENT '按钮查询',
  `sys_role_table_delete` bigint(20) DEFAULT NULL COMMENT '按钮删除',
  `sys_role_table_update` bigint(20) DEFAULT NULL COMMENT '按钮单改',
  `sys_role_table_delete_sgin` bigint(20) DEFAULT NULL COMMENT '按钮单删',
  `sys_role_table_role` bigint(20) DEFAULT NULL COMMENT '角色',
  `sys_role_table_width` bigint(20) DEFAULT NULL COMMENT '表格按钮宽度',
  PRIMARY KEY (`sys_role_table_id`)
) ENGINE=InnoDB DEFAULT CHARSET=utf8mb4;
CREATE TABLE `sys_users` (
  `sys_users_id` bigint(20) NOT NULL COMMENT 'ID',
  `sys_users_acc` varchar(32) DEFAULT NULL COMMENT '账号',
  `sys_users_pwd` varchar(32) DEFAULT NULL COMMENT '密码',
  `sys_users_phone` varchar(11) DEFAULT NULL COMMENT '手机',
  `sys_users_open_id` varchar(100) DEFAULT NULL COMMENT '三方',
  `sys_users_status` bigint(20) DEFAULT NULL COMMENT '状态',
  `sys_users_type` bigint(19) DEFAULT NULL COMMENT '类型',
  `sys_users_reg_time` datetime DEFAULT NULL COMMENT '注册',
  `sys_users_start_time` datetime DEFAULT NULL COMMENT '开始',
  `sys_users_end_time` datetime DEFAULT NULL COMMENT '结束',
  `sys_users_price` bigint(19) DEFAULT NULL COMMENT '金额',
  `sys_users_desc` varchar(255) DEFAULT NULL COMMENT '备注',
  `sys_users_sup` bigint(19) DEFAULT NULL COMMENT '上级',
  `sys_users_mail` varchar(255) DEFAULT NULL COMMENT '邮箱',
  `sys_users_role` bigint(255) DEFAULT NULL COMMENT '角色',
  PRIMARY KEY (`sys_users_id`) USING BTREE,
  KEY `suoyin_sys_users_acc` (`sys_users_acc`) USING BTREE,
  KEY `suoyin_sys_users_open_id` (`sys_users_open_id`) USING BTREE,
  KEY `suoyin_sys_users_reg_time` (`sys_users_reg_time`) USING BTREE,
  KEY `suoyin_sys_users_end_time` (`sys_users_end_time`) USING BTREE
) ENGINE=InnoDB DEFAULT CHARSET=utf8mb4 ROW_FORMAT=DYNAMIC;
CREATE TABLE `sys_users_login_log` (
  `sys_users_login_log_id` bigint(20) NOT NULL,
  `sys_users_login_log_ip` varchar(100) DEFAULT NULL,
  `sys_users_login_log_desc` varchar(100) DEFAULT NULL,
  `sys_users_login_log_time` datetime DEFAULT NULL,
  `sys_users_login_log_uid` bigint(20) DEFAULT NULL,
  `sys_users_login_log_token` varchar(100) DEFAULT NULL,
  `sys_users_login_log_mac` varchar(100) DEFAULT NULL,
  PRIMARY KEY (`sys_users_login_log_id`) USING BTREE
) ENGINE=MyISAM DEFAULT CHARSET=utf8mb4 ROW_FORMAT=DYNAMIC;
CREATE TABLE `world` (
  `id` int(11) NOT NULL AUTO_INCREMENT,
  `randomNumber` int(11) NOT NULL,
  PRIMARY KEY (`id`)
) ENGINE=InnoDB AUTO_INCREMENT=10001 DEFAULT CHARSET=utf8mb4 COMMENT='TechEmpower 基准测试核心表';
BEGIN;
LOCK TABLES `frame`.`sys_file` WRITE;
DELETE FROM `frame`.`sys_file`;
UNLOCK TABLES;
COMMIT;
BEGIN;
LOCK TABLES `frame`.`sys_group` WRITE;
DELETE FROM `frame`.`sys_group`;
INSERT INTO `frame`.`sys_group` (`sys_group_id`,`sys_group_name`,`sys_group_type`,`sys_group_desc`,`sys_group_sup`) VALUES (0, '根权限', 0, NULL, NULL),(1, '管理员权限组', 1, NULL, 374481216344064),(374481216344064, '用户权限组', 1, NULL, 374653839216640),(374653839216640, '基础登录权限', 1, NULL, 0);
UNLOCK TABLES;
COMMIT;
BEGIN;
LOCK TABLES `frame`.`sys_group_permission` WRITE;
DELETE FROM `frame`.`sys_group_permission`;
INSERT INTO `frame`.`sys_group_permission` (`sys_group_permission_id`,`sys_group_permission_pid`,`sys_group_permission_gid`,`sys_group_permission_time`) VALUES (821440498634752, 749068235051008, 1, '2025-10-14 12:35:57'),(821440503877632, 749070779944960, 1, '2025-10-14 12:35:57'),(821440507023360, 749070779944968, 1, '2025-10-14 12:35:57'),(821440508071936, 749070779944969, 1, '2025-10-14 12:35:57'),(821440508071937, 749070779944970, 1, '2025-10-14 12:35:57'),(821440508071938, 749070779944971, 1, '2025-10-14 12:35:57'),(821440508071939, 749070779944972, 1, '2025-10-14 12:35:57'),(821440508071940, 749070779944973, 1, '2025-10-14 12:35:57'),(821440508071941, 749070779944974, 1, '2025-10-14 12:35:57'),(821440508071942, 749070779944975, 1, '2025-10-14 12:35:57'),(821440509120512, 749070779944976, 1, '2025-10-14 12:35:57'),(821440512266240, 749070779944977, 1, '2025-10-14 12:35:57'),(821440512266241, 749070779944978, 1, '2025-10-14 12:35:57'),(821440512266242, 749070779944979, 1, '2025-10-14 12:35:57'),(821440512266243, 749070779944980, 1, '2025-10-14 12:35:57'),(821440512266244, 749070779944981, 1, '2025-10-14 12:35:57'),(821440512266245, 749070779944982, 1, '2025-10-14 12:35:57'),(821440512266246, 749070779944983, 1, '2025-10-14 12:35:57'),(821440512266247, 749070779944984, 1, '2025-10-14 12:35:57'),(821440512266248, 749070779944985, 1, '2025-10-14 12:35:57'),(821440512266249, 749070779944986, 1, '2025-10-14 12:35:57'),(821440512266250, 749070779944987, 1, '2025-10-14 12:35:57'),(821440513314816, 749070779944988, 1, '2025-10-14 12:35:57'),(821440515411968, 749070779944989, 1, '2025-10-14 12:35:57'),(821440515411969, 749070779944990, 1, '2025-10-14 12:35:57'),(821440515411970, 749070779944991, 1, '2025-10-14 12:35:57'),(821440515411971, 749070779944992, 1, '2025-10-14 12:35:57'),(821440515411972, 749070779944993, 1, '2025-10-14 12:35:57'),(821440515411973, 749070779944994, 1, '2025-10-14 12:35:57'),(821440515411974, 749070779944995, 1, '2025-10-14 12:35:57'),(821440515411975, 749070779944996, 1, '2025-10-14 12:35:57'),(821440515411976, 749070779944997, 1, '2025-10-14 12:35:57'),(821440515411977, 749070779944998, 1, '2025-10-14 12:35:57'),(821440517509120, 749070779944999, 1, '2025-10-14 12:35:57'),(821440518557696, 749070779945000, 1, '2025-10-14 12:35:57'),(821440518557697, 749070779945001, 1, '2025-10-14 12:35:57'),(821440518557698, 749070779945002, 1, '2025-10-14 12:35:57'),(821440518557699, 749070779945003, 1, '2025-10-14 12:35:57'),(821440518557700, 749070779945004, 1, '2025-10-14 12:35:57'),(821440518557701, 749070779945005, 1, '2025-10-14 12:35:57'),(821440518557702, 749070779945006, 1, '2025-10-14 12:35:57'),(821440523800576, 749070779945007, 1, '2025-10-14 12:35:57'),(821440523800577, 749070779945008, 1, '2025-10-14 12:35:57'),(821440523800578, 749070779945009, 1, '2025-10-14 12:35:57'),(821440523800579, 749070779945010, 1, '2025-10-14 12:35:57'),(821440523800580, 749070779945011, 1, '2025-10-14 12:35:57'),(821440523800581, 749070779945012, 1, '2025-10-14 12:35:57'),(821440523800582, 749070779945013, 1, '2025-10-14 12:35:57'),(821440523800583, 749070779945014, 1, '2025-10-14 12:35:57'),(821440525897728, 749070779945015, 1, '2025-10-14 12:35:57'),(821440525897729, 749070779945016, 1, '2025-10-14 12:35:57'),(821440525897730, 749070779945017, 1, '2025-10-14 12:35:57'),(821440525897731, 749070779945018, 1, '2025-10-14 12:35:57'),(821440525897732, 749070779945019, 1, '2025-10-14 12:35:57'),(821440525897733, 749070779945020, 1, '2025-10-14 12:35:57'),(821440525897734, 749070779945021, 1, '2025-10-14 12:35:57'),(821440526946304, 749070779945022, 1, '2025-10-14 12:35:57'),(821440530092032, 749070779945023, 1, '2025-10-14 12:35:57'),(821440530092033, 749070779945024, 1, '2025-10-14 12:35:57'),(821440530092034, 749070779945025, 1, '2025-10-14 12:35:57'),(821440530092035, 749070779945026, 1, '2025-10-14 12:35:57'),(821440530092036, 749070779945027, 1, '2025-10-14 12:35:57'),(821440530092037, 749070779945028, 1, '2025-10-14 12:35:57'),(821440530092038, 749070779945029, 1, '2025-10-14 12:35:57'),(821440530092039, 749070779945030, 1, '2025-10-14 12:35:57'),(821440533237760, 749070779945031, 1, '2025-10-14 12:35:57'),(821440533237761, 749070779945032, 1, '2025-10-14 12:35:57'),(821440533237762, 749070779945033, 1, '2025-10-14 12:35:57'),(821440533237763, 749070779945034, 1, '2025-10-14 12:35:57'),(821440534286336, 749070779945035, 1, '2025-10-14 12:35:57'),(821440536383488, 749070779945036, 1, '2025-10-14 12:35:57'),(821440536383489, 749070779945037, 1, '2025-10-14 12:35:57'),(821440536383490, 749070779945038, 1, '2025-10-14 12:35:57'),(821440536383491, 749070779945039, 1, '2025-10-14 12:35:57'),(821440536383492, 749070779945040, 1, '2025-10-14 12:35:57'),(821440536383493, 749070779945041, 1, '2025-10-14 12:35:57'),(821440536383494, 749070779945042, 1, '2025-10-14 12:35:57'),(821440537432064, 749070779945043, 1, '2025-10-14 12:35:57'),(821440539529216, 749070779945044, 1, '2025-10-14 12:35:57'),(821440539529217, 749070779945045, 1, '2025-10-14 12:35:57'),(821440539529218, 749070779945046, 1, '2025-10-14 12:35:57'),(821440539529219, 749070779945047, 1, '2025-10-14 12:35:57'),(821440539529220, 749070779945048, 1, '2025-10-14 12:35:57'),(821440539529221, 749070779945049, 1, '2025-10-14 12:35:57'),(821440539529222, 749070779945050, 1, '2025-10-14 12:35:57'),(821440539529223, 749070779945051, 1, '2025-10-14 12:35:57'),(821440541626368, 749070779945052, 1, '2025-10-14 12:35:57'),(821440541626369, 749070779945053, 1, '2025-10-14 12:35:57'),(821440541626370, 749070779945054, 1, '2025-10-14 12:35:57'),(821440541626371, 749070779945055, 1, '2025-10-14 12:35:57'),(821440541626372, 749070779945056, 1, '2025-10-14 12:35:57'),(821440541626373, 749070779945057, 1, '2025-10-14 12:35:57'),(821440541626374, 749070779945058, 1, '2025-10-14 12:35:57'),(821440542674944, 749070779945059, 1, '2025-10-14 12:35:57'),(821440543723520, 749070779945060, 1, '2025-10-14 12:35:57'),(821440543723521, 749070779945061, 1, '2025-10-14 12:35:57'),(821440543723522, 749070779945062, 1, '2025-10-14 12:35:57'),(821440543723523, 749070779945063, 1, '2025-10-14 12:35:57'),(821440543723524, 749070779945064, 1, '2025-10-14 12:35:57'),(821440543723525, 749070779945065, 1, '2025-10-14 12:35:57'),(821440543723526, 749070779945066, 1, '2025-10-14 12:35:57'),(821440544772096, 749070779945067, 1, '2025-10-14 12:35:57'),(821440546869248, 749070779945068, 1, '2025-10-14 12:35:57'),(821440546869249, 749070779945069, 1, '2025-10-14 12:35:57'),(821440546869250, 749070779945070, 1, '2025-10-14 12:35:57'),(821440546869251, 749070779945071, 1, '2025-10-14 12:35:57'),(821440546869252, 749070779945072, 1, '2025-10-14 12:35:57'),(821440546869253, 749070779945073, 1, '2025-10-14 12:35:57'),(821440546869254, 749070779945074, 1, '2025-10-14 12:35:57'),(821440546869255, 749070779945075, 1, '2025-10-14 12:35:57'),(821440547917824, 749070779945076, 1, '2025-10-14 12:35:57'),(821440547917825, 749070779945077, 1, '2025-10-14 12:35:57'),(821440547917826, 749070779945078, 1, '2025-10-14 12:35:57'),(821440547917827, 749070779945079, 1, '2025-10-14 12:35:57'),(821440547917828, 749070779945080, 1, '2025-10-14 12:35:57'),(821440547917829, 749070779945081, 1, '2025-10-14 12:35:57'),(821440547917830, 749070779945082, 1, '2025-10-14 12:35:57'),(821440548966400, 749070779945083, 1, '2025-10-14 12:35:57'),(821440551063552, 749070779945084, 1, '2025-10-14 12:35:57'),(821440551063553, 749070779945085, 1, '2025-10-14 12:35:57'),(821440551063554, 749070779945086, 1, '2025-10-14 12:35:57'),(821440551063555, 749070779945087, 1, '2025-10-14 12:35:57'),(821440551063556, 749070779945088, 1, '2025-10-14 12:35:57'),(821440551063557, 749070779945089, 1, '2025-10-14 12:35:57'),(821440551063558, 749070779945090, 1, '2025-10-14 12:35:57'),(821440551063559, 749070779945091, 1, '2025-10-14 12:35:57'),(821440553160704, 749070779945092, 1, '2025-10-14 12:35:57'),(821440553160705, 749070779945093, 1, '2025-10-14 12:35:57'),(821440553160706, 749070779945094, 1, '2025-10-14 12:35:57'),(821440553160707, 749070779945095, 1, '2025-10-14 12:35:57'),(821440553160708, 749070779945096, 1, '2025-10-14 12:35:57'),(821440553160709, 749070779945097, 1, '2025-10-14 12:35:57'),(821440553160710, 749070779945098, 1, '2025-10-14 12:35:57'),(821440553160711, 749068236099584, 1, '2025-10-14 12:35:57'),(821440555257856, 749068237148160, 1, '2025-10-14 12:35:57'),(821440558403584, 749068238196736, 1, '2025-10-14 12:35:57'),(821440560500736, 749068238196737, 1, '2025-10-14 12:35:57'),(821440562597888, 749068239245312, 1, '2025-10-14 12:35:57'),(821440565743616, 749068239245313, 1, '2025-10-14 12:35:57'),(821440566792192, 749068240293888, 1, '2025-10-14 12:35:57'),(821440569937920, 749068240293889, 1, '2025-10-14 12:35:57'),(821440572035072, 749068240293890, 1, '2025-10-14 12:35:57'),(821440573083648, 749068241342464, 1, '2025-10-14 12:35:57'),(821440575180800, 749068241342465, 1, '2025-10-14 12:35:57'),(821440577277952, 749068242391040, 1, '2025-10-14 12:35:57'),(821440579375104, 749068243439616, 1, '2025-10-14 12:35:57'),(821440635998208, 749210486968321, 1, '2025-10-14 12:35:57'),(821440638095360, 749210486968322, 1, '2025-10-14 12:35:57'),(821440640192512, 749210486968323, 1, '2025-10-14 12:35:57'),(821440641241088, 749210486968324, 1, '2025-10-14 12:35:57'),(821440643338240, 749210486968325, 1, '2025-10-14 12:35:57'),(821440644386816, 749210486968326, 1, '2025-10-14 12:35:57'),(821440646483968, 749210486968327, 1, '2025-10-14 12:35:57'),(821440647532544, 752996625420312, 1, '2025-10-14 12:35:57'),(821440649629696, 760868899917852, 1, '2025-10-14 12:35:57'),(821463986737152, 749070779944985, 374653839216640, '2025-10-14 12:36:19'),(821463988834304, 749070779944976, 374653839216640, '2025-10-14 12:36:19'),(821467827671040, 749070779944984, 374653839216640, '2025-10-14 12:36:23'),(821474789167104, 749070779944978, 374653839216640, '2025-10-14 12:36:30'),(821494110228480, 749070779944983, 374653839216640, '2025-10-14 12:36:48'),(822028269522944, 749210486968327, 374481216344064, '2025-10-14 12:45:17'),(822028272668672, 749210486968324, 374481216344064, '2025-10-14 12:45:17'),(822028274765824, 749210486968325, 374481216344064, '2025-10-14 12:45:17'),(822028276862976, 749210486968326, 374481216344064, '2025-10-14 12:45:17'),(822028278960128, 749210486968322, 374481216344064, '2025-10-14 12:45:17'),(822043181322240, 749210486968323, 374481216344064, '2025-10-14 12:45:32'),(822043769573376, 749210486968321, 374481216344064, '2025-10-14 12:45:32'),(822073360388096, 749068235051008, 374481216344064, '2025-10-14 12:46:00'),(822104782016512, 749068242391040, 374481216344064, '2025-10-14 12:46:30'),(1032944370061312, 749068235051008, 0, '2025-10-16 20:37:43'),(1032944372158464, 749070779944960, 0, '2025-10-16 20:37:43'),(1032944374255616, 749070779944968, 0, '2025-10-16 20:37:43'),(1032944376352768, 749070779944969, 0, '2025-10-16 20:37:43'),(1032944376352769, 749070779944970, 0, '2025-10-16 20:37:43'),(1032944376352770, 749070779944971, 0, '2025-10-16 20:37:43'),(1032944376352771, 749070779944972, 0, '2025-10-16 20:37:43'),(1032944376352772, 749070779944973, 0, '2025-10-16 20:37:43'),(1032944376352773, 749070779944974, 0, '2025-10-16 20:37:43'),(1032944376352774, 749070779944975, 0, '2025-10-16 20:37:43'),(1032944380547072, 749070779944976, 0, '2025-10-16 20:37:43'),(1032944382644224, 749070779944977, 0, '2025-10-16 20:37:43'),(1032944382644225, 749070779944978, 0, '2025-10-16 20:37:43'),(1032944382644226, 749070779944979, 0, '2025-10-16 20:37:43'),(1032944382644227, 749070779944980, 0, '2025-10-16 20:37:43'),(1032944382644228, 749070779944981, 0, '2025-10-16 20:37:43'),(1032944382644229, 749070779944982, 0, '2025-10-16 20:37:43'),(1032944382644230, 749070779944983, 0, '2025-10-16 20:37:43'),(1032944382644231, 749070779944984, 0, '2025-10-16 20:37:43'),(1032944382644232, 749070779944985, 0, '2025-10-16 20:37:43'),(1032944382644233, 749070779944986, 0, '2025-10-16 20:37:43'),(1032944382644234, 749070779944987, 0, '2025-10-16 20:37:43'),(1032944383692800, 749070779944988, 0, '2025-10-16 20:37:43'),(1032944385789952, 749070779944989, 0, '2025-10-16 20:37:43'),(1032944385789953, 749070779944990, 0, '2025-10-16 20:37:43'),(1032944385789954, 749070779944991, 0, '2025-10-16 20:37:43'),(1032944385789955, 749070779944992, 0, '2025-10-16 20:37:43'),(1032944385789956, 749070779944993, 0, '2025-10-16 20:37:43'),(1032944385789957, 749070779944994, 0, '2025-10-16 20:37:43'),(1032944385789958, 749070779944995, 0, '2025-10-16 20:37:43'),(1032944385789959, 749070779944996, 0, '2025-10-16 20:37:43'),(1032944385789960, 749070779944997, 0, '2025-10-16 20:37:43'),(1032944385789961, 749070779944998, 0, '2025-10-16 20:37:43'),(1032944387887104, 749070779944999, 0, '2025-10-16 20:37:43'),(1032944387887105, 749070779945000, 0, '2025-10-16 20:37:43'),(1032944387887106, 749070779945001, 0, '2025-10-16 20:37:43'),(1032944387887107, 749070779945002, 0, '2025-10-16 20:37:43'),(1032944387887108, 749070779945003, 0, '2025-10-16 20:37:43'),(1032944387887109, 749070779945004, 0, '2025-10-16 20:37:43'),(1032944387887110, 749070779945005, 0, '2025-10-16 20:37:43'),(1032944387887111, 749070779945006, 0, '2025-10-16 20:37:43'),(1032944389984256, 749070779945007, 0, '2025-10-16 20:37:43'),(1032944389984257, 749070779945008, 0, '2025-10-16 20:37:43'),(1032944389984258, 749070779945009, 0, '2025-10-16 20:37:43'),(1032944389984259, 749070779945010, 0, '2025-10-16 20:37:43'),(1032944389984260, 749070779945011, 0, '2025-10-16 20:37:43'),(1032944389984261, 749070779945012, 0, '2025-10-16 20:37:43'),(1032944389984262, 749070779945013, 0, '2025-10-16 20:37:43'),(1032944389984263, 749070779945014, 0, '2025-10-16 20:37:43'),(1032944392081408, 749070779945015, 0, '2025-10-16 20:37:43'),(1032944392081409, 749070779945016, 0, '2025-10-16 20:37:43'),(1032944392081410, 749070779945017, 0, '2025-10-16 20:37:43'),(1032944392081411, 749070779945018, 0, '2025-10-16 20:37:43'),(1032944392081412, 749070779945019, 0, '2025-10-16 20:37:43'),(1032944392081413, 749070779945020, 0, '2025-10-16 20:37:43'),(1032944392081414, 749070779945021, 0, '2025-10-16 20:37:43'),(1032944393129984, 749070779945022, 0, '2025-10-16 20:37:43'),(1032944395227136, 749070779945023, 0, '2025-10-16 20:37:43'),(1032944395227137, 749070779945024, 0, '2025-10-16 20:37:43'),(1032944395227138, 749070779945025, 0, '2025-10-16 20:37:43'),(1032944395227139, 749070779945026, 0, '2025-10-16 20:37:43'),(1032944395227140, 749070779945027, 0, '2025-10-16 20:37:43'),(1032944395227141, 749070779945028, 0, '2025-10-16 20:37:43'),(1032944395227142, 749070779945029, 0, '2025-10-16 20:37:43'),(1032944396275712, 749070779945030, 0, '2025-10-16 20:37:43'),(1032944398372864, 749070779945031, 0, '2025-10-16 20:37:43'),(1032944398372865, 749070779945032, 0, '2025-10-16 20:37:43'),(1032944398372866, 749070779945033, 0, '2025-10-16 20:37:43'),(1032944398372867, 749070779945034, 0, '2025-10-16 20:37:43'),(1032944398372868, 749070779945035, 0, '2025-10-16 20:37:43'),(1032944400470016, 749070779945036, 0, '2025-10-16 20:37:43'),(1032944400470017, 749070779945037, 0, '2025-10-16 20:37:43'),(1032944400470018, 749070779945038, 0, '2025-10-16 20:37:43'),(1032944400470019, 749070779945039, 0, '2025-10-16 20:37:43'),(1032944400470020, 749070779945040, 0, '2025-10-16 20:37:43'),(1032944400470021, 749070779945041, 0, '2025-10-16 20:37:43'),(1032944400470022, 749070779945042, 0, '2025-10-16 20:37:43'),(1032944401518592, 749070779945043, 0, '2025-10-16 20:37:43'),(1032944402567168, 749070779945044, 0, '2025-10-16 20:37:43'),(1032944402567169, 749070779945045, 0, '2025-10-16 20:37:43'),(1032944402567170, 749070779945046, 0, '2025-10-16 20:37:43'),(1032944402567171, 749070779945047, 0, '2025-10-16 20:37:43'),(1032944402567172, 749070779945048, 0, '2025-10-16 20:37:43'),(1032944402567173, 749070779945049, 0, '2025-10-16 20:37:43'),(1032944402567174, 749070779945050, 0, '2025-10-16 20:37:43'),(1032944403615744, 749070779945051, 0, '2025-10-16 20:37:43'),(1032944404664320, 749070779945052, 0, '2025-10-16 20:37:43'),(1032944404664321, 749070779945053, 0, '2025-10-16 20:37:43'),(1032944404664322, 749070779945054, 0, '2025-10-16 20:37:43'),(1032944404664323, 749070779945055, 0, '2025-10-16 20:37:43'),(1032944404664324, 749070779945056, 0, '2025-10-16 20:37:43'),(1032944404664325, 749070779945057, 0, '2025-10-16 20:37:43'),(1032944404664326, 749070779945058, 0, '2025-10-16 20:37:43'),(1032944404664327, 749070779945059, 0, '2025-10-16 20:37:43'),(1032944406761472, 749070779945060, 0, '2025-10-16 20:37:43'),(1032944406761473, 749070779945061, 0, '2025-10-16 20:37:43'),(1032944406761474, 749070779945062, 0, '2025-10-16 20:37:43'),(1032944406761475, 749070779945063, 0, '2025-10-16 20:37:43'),(1032944406761476, 749070779945064, 0, '2025-10-16 20:37:43'),(1032944406761477, 749070779945065, 0, '2025-10-16 20:37:43'),(1032944406761478, 749070779945066, 0, '2025-10-16 20:37:43'),(1032944406761479, 749070779945067, 0, '2025-10-16 20:37:43'),(1032944407810048, 749070779945068, 0, '2025-10-16 20:37:43'),(1032944407810049, 749070779945069, 0, '2025-10-16 20:37:43'),(1032944407810050, 749070779945070, 0, '2025-10-16 20:37:43'),(1032944407810051, 749070779945071, 0, '2025-10-16 20:37:43'),(1032944407810052, 749070779945072, 0, '2025-10-16 20:37:43'),(1032944407810053, 749070779945073, 0, '2025-10-16 20:37:43'),(1032944407810054, 749070779945074, 0, '2025-10-16 20:37:43'),(1032944408858624, 749070779945075, 0, '2025-10-16 20:37:43'),(1032944410955776, 749070779945076, 0, '2025-10-16 20:37:43'),(1032944410955777, 749070779945077, 0, '2025-10-16 20:37:43'),(1032944410955778, 749070779945078, 0, '2025-10-16 20:37:43'),(1032944410955779, 749070779945079, 0, '2025-10-16 20:37:43'),(1032944410955780, 749070779945080, 0, '2025-10-16 20:37:43'),(1032944410955781, 749070779945081, 0, '2025-10-16 20:37:43'),(1032944410955782, 749070779945082, 0, '2025-10-16 20:37:43'),(1032944412004352, 749070779945083, 0, '2025-10-16 20:37:43'),(1032944414101504, 749070779945084, 0, '2025-10-16 20:37:43'),(1032944414101505, 749070779945085, 0, '2025-10-16 20:37:43'),(1032944414101506, 749070779945086, 0, '2025-10-16 20:37:43'),(1032944414101507, 749070779945087, 0, '2025-10-16 20:37:43'),(1032944414101508, 749070779945088, 0, '2025-10-16 20:37:43'),(1032944414101509, 749070779945089, 0, '2025-10-16 20:37:43'),(1032944414101510, 749070779945090, 0, '2025-10-16 20:37:43'),(1032944415150080, 749070779945091, 0, '2025-10-16 20:37:43'),(1032944416198656, 749070779945092, 0, '2025-10-16 20:37:43'),(1032944417247232, 749070779945093, 0, '2025-10-16 20:37:43'),(1032944417247233, 749070779945094, 0, '2025-10-16 20:37:43'),(1032944417247234, 749070779945095, 0, '2025-10-16 20:37:43'),(1032944417247235, 749070779945096, 0, '2025-10-16 20:37:43'),(1032944417247236, 749070779945097, 0, '2025-10-16 20:37:43'),(1032944417247237, 749070779945098, 0, '2025-10-16 20:37:43'),(1032944417247238, 824497720528896, 0, '2025-10-16 20:37:43'),(1032944419344384, 1021555225137192, 0, '2025-10-16 20:37:43'),(1032944419344385, 1021555225137193, 0, '2025-10-16 20:37:43'),(1032944420392960, 1021555225137194, 0, '2025-10-16 20:37:43'),(1032944420392961, 1021555225137195, 0, '2025-10-16 20:37:43'),(1032944420392962, 1021555225137196, 0, '2025-10-16 20:37:43'),(1032944420392963, 1021555225137197, 0, '2025-10-16 20:37:43'),(1032944420392964, 1021555225137198, 0, '2025-10-16 20:37:43'),(1032944420392965, 1021555225137199, 0, '2025-10-16 20:37:43'),(1032944420392966, 1021555225137224, 0, '2025-10-16 20:37:43'),(1032944421441536, 1021555225137225, 0, '2025-10-16 20:37:43'),(1032944421441537, 1021555225137226, 0, '2025-10-16 20:37:43'),(1032944421441538, 1021555225137227, 0, '2025-10-16 20:37:43'),(1032944421441539, 1021555225137228, 0, '2025-10-16 20:37:43'),(1032944421441540, 1021555225137229, 0, '2025-10-16 20:37:43'),(1032944421441541, 1021555225137230, 0, '2025-10-16 20:37:43'),(1032944421441542, 1021555225137231, 0, '2025-10-16 20:37:43'),(1032944422490112, 0, 0, '2025-10-16 20:37:43'),(1032944424587264, 749068236099584, 0, '2025-10-16 20:37:43'),(1032944430878720, 749068237148160, 0, '2025-10-16 20:37:43'),(1032944437170176, 749068238196736, 0, '2025-10-16 20:37:43'),(1032944440315904, 749068238196737, 0, '2025-10-16 20:37:43'),(1032944442413056, 749068239245312, 0, '2025-10-16 20:37:43'),(1032944444510208, 749068239245313, 0, '2025-10-16 20:37:43'),(1032944447655936, 749068240293888, 0, '2025-10-16 20:37:43'),(1032944450801664, 749068240293889, 0, '2025-10-16 20:37:43'),(1032944452898816, 749068240293890, 0, '2025-10-16 20:37:43'),(1032944456044544, 749068241342464, 0, '2025-10-16 20:37:43'),(1032944458141696, 749068241342465, 0, '2025-10-16 20:37:43'),(1032944461287424, 749068242391040, 0, '2025-10-16 20:37:43'),(1032944465481728, 749068243439616, 0, '2025-10-16 20:37:43'),(1032944540979200, 749210486968321, 0, '2025-10-16 20:37:43'),(1032944543076352, 749210486968322, 0, '2025-10-16 20:37:43'),(1032944544124928, 749210486968323, 0, '2025-10-16 20:37:43'),(1032944546222080, 749210486968324, 0, '2025-10-16 20:37:43'),(1032944548319232, 749210486968325, 0, '2025-10-16 20:37:43'),(1032944550416384, 749210486968326, 0, '2025-10-16 20:37:43'),(1032944553562112, 749210486968327, 0, '2025-10-16 20:37:43'),(1032944555659264, 752996625420312, 0, '2025-10-16 20:37:43'),(1032944557756416, 760868899917852, 0, '2025-10-16 20:37:43'),(1032944559853568, 822225393422336, 0, '2025-10-16 20:37:43'),(1032944561950720, 1021459100078080, 0, '2025-10-16 20:37:43'),(1032944562999296, 1021459101126656, 0, '2025-10-16 20:37:43');
UNLOCK TABLES;
COMMIT;
BEGIN;
LOCK TABLES `frame`.`sys_log` WRITE;
DELETE FROM `frame`.`sys_log`;
UNLOCK TABLES;
COMMIT;
BEGIN;
LOCK TABLES `frame`.`sys_mapping_column` WRITE;
DELETE FROM `frame`.`sys_mapping_column`;
INSERT INTO `frame`.`sys_mapping_column` (`sys_mapping_column_id`,`sys_mapping_column_name`,`sys_mapping_column_title`,`sys_mapping_column_width`,`sys_mapping_column_file`,`sys_mapping_column_image`,`sys_mapping_column_date`,`sys_mapping_column_number`,`sys_mapping_column_text`,`sys_mapping_column_table`,`sys_mapping_column_request`,`sys_mapping_column_option`,`sys_mapping_column_sql`) VALUES (749807957184513, 'sysFileId', 'ID', 150, NULL, NULL, NULL, 0, 1, 749807957184512, NULL, NULL, NULL),(749807958233088, 'sysFilePath', '路径', 150, NULL, NULL, NULL, 0, 1, 749807957184512, NULL, '', NULL),(749807958233089, 'sysFileMd5', '签名', 150, NULL, NULL, NULL, 0, 1, 749807957184512, NULL, NULL, NULL),(749807958233090, 'sysFileTime', '时间', 150, NULL, NULL, 'datetime', 0, 1, 749807957184512, NULL, NULL, NULL),(749807958233091, 'sysFileType', '类型', 150, NULL, NULL, NULL, 0, 1, 749807957184512, NULL, NULL, NULL),(749807959281664, 'sysGroupId', 'ID', 150, NULL, NULL, NULL, 0, 1, 749807958233092, NULL, NULL, NULL),(749807959281665, 'sysGroupName', '名称', 150, NULL, NULL, NULL, 0, 1, 749807958233092, NULL, NULL, NULL),(749807960330240, 'sysGroupType', '类型', 150, NULL, NULL, NULL, 0, 1, 749807958233092, NULL, 'sysGroupType', NULL),(749807960330241, 'sysGroupDesc', '备注', 150, NULL, NULL, NULL, 0, 2, 749807958233092, NULL, NULL, NULL),(749807960330242, 'sysGroupSup', '上级', 150, NULL, NULL, NULL, 0, 1, 749807958233092, NULL, NULL, 'sysGroupSup'),(749807960330244, 'sysGroupPermissionId', 'ID', 150, NULL, NULL, NULL, 0, 1, 749807960330243, NULL, NULL, NULL),(749807961378816, 'sysGroupPermissionPid', '权限', 400, NULL, NULL, NULL, 0, 1, 749807960330243, 'sysGroupPermissionPid', NULL, NULL),(749807961378817, 'sysGroupPermissionGid', '权限组', 150, NULL, NULL, NULL, 0, 1, 749807960330243, NULL, NULL, 'sysGroupPermissionGid'),(749807961378818, 'sysGroupPermissionTime', '时间', 150, NULL, NULL, 'datetime', 0, 1, 749807960330243, NULL, NULL, NULL),(749807962427393, 'sysLogId', 'ID', 150, NULL, NULL, NULL, 0, 1, 749807962427392, NULL, NULL, NULL),(749807962427394, 'sysLogTime', '时间', 150, NULL, NULL, 'datetime', 0, 1, 749807962427392, NULL, NULL, NULL),(749807962427395, 'sysLogMs', '毫秒', 150, NULL, NULL, NULL, 0, 1, 749807962427392, NULL, NULL, NULL),(749807963475968, 'sysLogSql', 'sql', 150, NULL, NULL, NULL, 0, 2, 749807962427392, NULL, NULL, NULL),(749807963475970, 'sysMappingColumnId', 'ID', 150, NULL, NULL, NULL, 1, 0, 749807963475969, NULL, NULL, NULL),(749807963475971, 'sysMappingColumnName', '名称', 150, NULL, NULL, NULL, 0, 1, 749807963475969, NULL, NULL, NULL),(749807963475972, 'sysMappingColumnTitle', '标题', 150, NULL, NULL, NULL, 0, 1, 749807963475969, NULL, NULL, NULL),(749807964524544, 'sysMappingColumnWidth', '宽度', 150, NULL, NULL, NULL, 1, 0, 749807963475969, NULL, NULL, NULL),(749807964524546, 'sysMappingColumnFile', '文件模板', 100, NULL, NULL, NULL, 0, 2, 749807963475969, NULL, NULL, NULL),(749807964524547, 'sysMappingColumnImage', '图片模板', 100, NULL, NULL, NULL, 0, 2, 749807963475969, NULL, NULL, NULL),(749807965573120, 'sysMappingColumnDate', '时间模板', 200, NULL, NULL, NULL, 0, 1, 749807963475969, NULL, 'def_date_tem', NULL),(749807965573121, 'sysMappingColumnNumber', '是否数字', 100, NULL, NULL, NULL, 0, 1, 749807963475969, NULL, 'def_yes_no', NULL),(749807965573122, 'sysMappingColumnText', '是否文本', 100, NULL, NULL, NULL, 0, 1, 749807963475969, NULL, 'sys_mapping_column_text', NULL),(749807965573123, 'sysMappingColumnTable', '对应表', 150, NULL, NULL, NULL, 0, 1, 749807963475969, NULL, NULL, 'sysMappingColumnTable'),(749807966621696, 'sysMappingTableId', 'ID', 150, NULL, NULL, NULL, 0, 1, 749807965573124, NULL, NULL, NULL),(749807966621697, 'sysMappingTableName', '名称', 150, NULL, NULL, NULL, 0, 1, 749807965573124, NULL, NULL, NULL),(749807967670272, 'sysMappingTableTitle', '标题', 150, NULL, NULL, NULL, 0, 1, 749807965573124, NULL, NULL, NULL),(749807967670274, 'sysOptionId', 'ID', 150, NULL, NULL, NULL, 0, 1, 749807967670273, NULL, NULL, NULL),(749807967670275, 'sysOptionKey', '查询名称', 150, NULL, NULL, NULL, 0, 1, 749807967670273, NULL, NULL, NULL),(749807967670276, 'sysOptionTitle', '标题', 150, NULL, NULL, NULL, 0, 1, 749807967670273, NULL, NULL, NULL),(749807967670277, 'sysOptionValue', '值', 150, NULL, NULL, NULL, 0, 1, 749807967670273, NULL, NULL, NULL),(749807968718848, 'sysOptionState', '状态', 150, NULL, NULL, NULL, 0, 1, 749807967670273, NULL, 'def_state', NULL),(749807968718850, 'sysPermissionId', 'ID', 150, NULL, NULL, NULL, 0, 1, 749807968718849, NULL, NULL, NULL),(749807968718851, 'sysPermissionName', '名称', 150, NULL, NULL, NULL, 0, 1, 749807968718849, NULL, NULL, NULL),(749807968718852, 'sysPermissionData', '数据', 150, NULL, NULL, NULL, 0, 1, 749807968718849, NULL, NULL, NULL),(749807969767424, 'sysPermissionType', '类型', 150, NULL, NULL, NULL, 0, 1, 749807968718849, NULL, 'sys_permission_type', NULL),(749807969767425, 'sysPermissionDesc', '备注', 150, NULL, NULL, NULL, 0, 1, 749807968718849, NULL, NULL, NULL),(749807970816000, 'sysPermissionSup', '上级', 150, NULL, NULL, NULL, 0, 1, 749807968718849, 'sysPermissionSup', NULL, NULL),(749807970816001, 'sysPermissionSort', '排序', 150, NULL, NULL, NULL, 0, 1, 749807968718849, NULL, NULL, NULL),(749807971864576, 'sysRoleId', 'ID', 150, NULL, NULL, NULL, 0, 1, 749807970816002, NULL, NULL, NULL),(749807971864577, 'sysRoleName', '名称', 150, NULL, NULL, NULL, 0, 1, 749807970816002, NULL, NULL, NULL),(749807971864578, 'sysRoleState', '状态', 150, NULL, NULL, NULL, 0, 1, 749807970816002, NULL, 'def_state', NULL),(749807972913152, 'sysRoleTime', '时间', 150, NULL, NULL, 'datetime', 0, 1, 749807970816002, NULL, NULL, NULL),(749807972913154, 'sysRoleColumnId', 'ID', 150, NULL, NULL, NULL, 0, 1, 749807972913153, NULL, NULL, NULL),(749807972913155, 'sysRoleColumnTable', '对应表', 150, NULL, NULL, NULL, 0, 1, 749807972913153, NULL, NULL, 'sysRoleColumnTable'),(749807973961728, 'sysRoleColumnName', '名称', 150, NULL, NULL, NULL, 0, 1, 749807972913153, NULL, NULL, NULL),(749807973961729, 'sysRoleColumnTableShow', '是否表格显示', 150, NULL, NULL, NULL, 0, 1, 749807972913153, NULL, 'def_yes_no', NULL),(749807973961730, 'sysRoleColumnQuery', '是否参与查询', 150, NULL, NULL, NULL, 0, 1, 749807972913153, NULL, 'def_yes_no', NULL),(749807973961731, 'sysRoleColumnSave', '是否参与新增', 150, NULL, NULL, NULL, 0, 1, 749807972913153, NULL, 'def_yes_no', NULL),(749807975010304, 'sysRoleColumnUpdate', '是否参与修改', 150, NULL, NULL, NULL, 0, 1, 749807972913153, NULL, 'def_yes_no', NULL),(749807975010305, 'sysRoleColumnEdit', '是否参与编辑', 150, NULL, NULL, NULL, 0, 1, 749807972913153, NULL, 'def_yes_no', NULL),(749807975010306, 'sysRoleColumnQueryDef', '查询默认值', 150, NULL, NULL, NULL, 0, 1, 749807972913153, NULL, NULL, NULL),(749807976058880, 'sysRoleColumnQuerySymbol', '查询运算符', 150, NULL, NULL, NULL, 0, 1, 749807972913153, NULL, 'def_symbol', NULL),(749807976058881, 'sysRoleColumnQueryMontage', '查询连接符', 150, NULL, NULL, NULL, 0, 1, 749807972913153, NULL, 'def_montage', NULL),(749807977107456, 'sysRoleColumnSaveDef', '新增默认值', 150, NULL, NULL, NULL, 0, 1, 749807972913153, NULL, NULL, NULL),(749807977107457, 'sysRoleColumnUpdateDef', '修改默认值', 150, NULL, NULL, NULL, 0, 1, 749807972913153, NULL, NULL, NULL),(749807977107458, 'sysRoleColumnRole', '对应角色', 150, NULL, NULL, NULL, 0, 1, 749807972913153, 'sysRoleColumnRole', NULL, NULL),(749807977107460, 'sysRoleGroupId', 'ID', 150, NULL, NULL, NULL, 0, 1, 749807977107459, NULL, NULL, NULL),(749807978156032, 'sysRoleGroupRid', '角色', 150, NULL, NULL, NULL, 0, 1, 749807977107459, NULL, NULL, 'sysRoleGroupRid'),(749807978156033, 'sysRoleGroupGid', '权限组', 150, NULL, NULL, NULL, 0, 1, 749807977107459, NULL, NULL, 'sysRoleGroupGid'),(749807978156035, 'sysRoleTableId', 'ID', 150, NULL, NULL, NULL, 0, 1, 749807978156034, NULL, NULL, NULL),(749807979204608, 'sysRoleTableName', '名称', 150, NULL, NULL, NULL, 0, 1, 749807978156034, NULL, NULL, NULL),(749807979204609, 'sysRoleTableSave', '显示按钮新增', 150, NULL, NULL, NULL, 0, 1, 749807978156034, NULL, 'def_yes_no', NULL),(749807979204610, 'sysRoleTableQuery', '显示按钮查询', 150, NULL, NULL, NULL, 0, 1, 749807978156034, NULL, 'def_yes_no', NULL),(749807979204611, 'sysRoleTableDelete', '显示按钮多删', 150, NULL, NULL, NULL, 0, 1, 749807978156034, NULL, 'def_yes_no', NULL),(749807979204612, 'sysRoleTableUpdate', '显示按钮修改', 150, NULL, NULL, NULL, 0, 1, 749807978156034, NULL, 'def_yes_no', NULL),(749807980253184, 'sysRoleTableDeleteSgin', '显示按钮单删', 150, NULL, NULL, NULL, 0, 1, 749807978156034, NULL, 'def_yes_no', NULL),(749807980253185, 'sysRoleTableRole', '对应角色', 150, NULL, NULL, NULL, 0, 1, 749807978156034, 'sysRoleTableRole', NULL, NULL),(749807980253186, 'sysRoleTableWidth', '工具栏宽度', 150, NULL, NULL, NULL, 1, 1, 749807978156034, NULL, NULL, NULL),(749807981301761, 'sysUsersId', 'ID', 150, NULL, NULL, NULL, 0, 1, 749807981301760, NULL, NULL, NULL),(749807981301762, 'sysUsersAcc', '账号', 150, NULL, NULL, NULL, 0, 1, 749807981301760, NULL, NULL, NULL),(749807981301763, 'sysUsersPwd', '密码', 150, NULL, NULL, NULL, 0, 1, 749807981301760, NULL, NULL, NULL),(749807981301764, 'sysUsersPhone', '手机', 150, NULL, NULL, NULL, 0, 1, 749807981301760, NULL, NULL, NULL),(749807981301765, 'sysUsersOpenId', '公开ID', 150, NULL, NULL, NULL, 0, 1, 749807981301760, NULL, NULL, NULL),(749807982350336, 'sysUsersStatus', '状态', 150, NULL, NULL, NULL, 0, 1, 749807981301760, NULL, 'def_state', NULL),(749807982350337, 'sysUsersType', '类型', 150, NULL, NULL, NULL, 0, 1, 749807981301760, NULL, 'sys_users_type', NULL),(749807982350338, 'sysUsersRegTime', '注册时间', 150, NULL, NULL, 'datetime', 0, 1, 749807981301760, NULL, NULL, NULL),(749807982350339, 'sysUsersStartTime', '授权开始', 150, NULL, NULL, 'datetime', 0, 1, 749807981301760, NULL, NULL, NULL),(749807983398912, 'sysUsersEndTime', '授权结束', 150, NULL, NULL, 'datetime', 0, 1, 749807981301760, NULL, NULL, NULL),(749807983398913, 'sysUsersPrice', '余额', 150, NULL, NULL, NULL, 0, 1, 749807981301760, NULL, NULL, NULL),(749807983398914, 'sysUsersDesc', '备注', 150, NULL, NULL, NULL, 0, 1, 749807981301760, NULL, NULL, NULL),(749807983398915, 'sysUsersSup', '上级', 150, NULL, NULL, NULL, 0, 1, 749807981301760, NULL, NULL, NULL),(749807984447488, 'sysUsersMail', '邮箱', 150, NULL, NULL, NULL, 0, 1, 749807981301760, NULL, NULL, NULL),(749807984447489, 'sysUsersRole', '角色', 150, NULL, NULL, NULL, 0, 1, 749807981301760, NULL, NULL, 'sysUsersRole'),(749807984447491, 'sysUsersLoginLogId', 'ID', 150, NULL, NULL, NULL, 0, 1, 749807984447490, NULL, NULL, NULL),(749807984447492, 'sysUsersLoginLogIp', 'IP', 150, NULL, NULL, NULL, 0, 1, 749807984447490, NULL, NULL, NULL),(749807984447493, 'sysUsersLoginLogDesc', '备注', 150, NULL, NULL, NULL, 0, 1, 749807984447490, NULL, NULL, NULL),(749807985496064, 'sysUsersLoginLogTime', '时间', 150, NULL, NULL, 'datetime', 0, 1, 749807984447490, NULL, NULL, NULL),(749807985496065, 'sysUsersLoginLogUid', '用户', 150, NULL, NULL, NULL, 0, 1, 749807984447490, 'sysUsersLoginLogUid', NULL, NULL),(749807985496066, 'sysUsersLoginLogToken', '令牌', 150, NULL, NULL, NULL, 0, 1, 749807984447490, NULL, NULL, NULL),(749807986544640, 'sysUsersLoginLogMac', '机器码', 150, NULL, NULL, NULL, 0, 1, 749807984447490, NULL, NULL, NULL),(1021400879992832, 'sysMappingColumnRequest', '引用选项', 150, NULL, NULL, NULL, 0, 0, 749807963475969, '', NULL, NULL),(1021400881041408, 'sysMappingColumnOption', '配置选项', 150, NULL, NULL, NULL, 0, 1, 749807963475969, '', NULL, NULL),(1021400882089984, 'sysMappingColumnSql', 'sql选项', 150, NULL, NULL, NULL, 0, 1, 749807963475969, '', NULL, NULL),(1021459041357824, 'sysOptionRequestId', 'ID', 150, NULL, NULL, NULL, 0, 1, 1021459040309248, NULL, NULL, NULL),(1021459042406400, 'sysOptionRequestUrl', '请求地址', 150, NULL, NULL, NULL, 0, 2, 1021459040309248, NULL, NULL, NULL),(1021459043454976, 'sysOptionRequestMet', '请求方式', 150, NULL, NULL, NULL, 0, 1, 1021459040309248, NULL, 'sysOptionRequestMet', NULL),(1021459044503552, 'sysOptionRequestData', '请求数据', 150, NULL, NULL, NULL, 0, 2, 1021459040309248, NULL, NULL, NULL),(1021459045552128, 'sysOptionRequestTitleName', '标题名称', 150, NULL, NULL, NULL, 0, 1, 1021459040309248, NULL, NULL, NULL),(1021459045552129, 'sysOptionRequestValName', '内容名称', 150, NULL, NULL, NULL, 0, 1, 1021459040309248, NULL, NULL, NULL),(1021459046600705, 'sysOptionRequestSearchUrl', '搜索地址', 150, NULL, NULL, NULL, 0, 2, 1021459040309248, NULL, NULL, NULL),(1021459047649280, 'sysOptionRequestSearchMet', '搜索方式', 150, NULL, NULL, NULL, 0, 1, 1021459040309248, NULL, NULL, NULL),(1021459047649281, 'sysOptionRequestSearchData', '搜索数据', 150, NULL, NULL, NULL, 0, 2, 1021459040309248, NULL, NULL, NULL),(1021459047649282, 'sysOptionRequestSearchTitleName', '搜索标题名', 150, NULL, NULL, NULL, 0, 1, 1021459040309248, NULL, NULL, NULL),(1021459048697856, 'sysOptionRequestSearchValName', '搜索内容名', 150, NULL, NULL, NULL, 0, 1, 1021459040309248, NULL, NULL, NULL),(1021459051843584, 'sysOptionSqlSql', 'SQL', 150, NULL, NULL, NULL, 0, 1, 1021459049746432, NULL, NULL, NULL),(1021459051843585, 'sysOptionSqlTitleName', '标题名称', 150, NULL, NULL, NULL, 0, 1, 1021459049746432, NULL, NULL, NULL),(1021459052892160, 'sysOptionSqlValName', '内容名称', 150, NULL, NULL, NULL, 0, 1, 1021459049746432, NULL, NULL, NULL),(1089780864520192, 'sysOptionSqlId', '唯一索引', 150, NULL, NULL, NULL, 0, 1, 1021459049746432, NULL, NULL, NULL),(1092472471031808, 'sysOptionRequestKey', '助记名称', 150, NULL, NULL, NULL, 0, 1, 1021459040309248, '', '', ''),(1092472475226112, 'sysOptionSqlKey', '助记名称', 150, NULL, NULL, NULL, 0, 1, 1021459049746432, '', '', '');
UNLOCK TABLES;
COMMIT;
BEGIN;
LOCK TABLES `frame`.`sys_mapping_table` WRITE;
DELETE FROM `frame`.`sys_mapping_table`;
INSERT INTO `frame`.`sys_mapping_table` (`sys_mapping_table_id`,`sys_mapping_table_name`,`sys_mapping_table_title`) VALUES (749807957184512, 'sysFile', '文件系统'),(749807958233092, 'sysGroup', '权限组'),(749807960330243, 'sysGroupPermission', '权限组映射'),(749807962427392, 'sysLog', '系统日志'),(749807963475969, 'sysMappingColumn', '映射行'),(749807965573124, 'sysMappingTable', '映射表'),(749807967670273, 'sysOption', '选项-配置表'),(749807968718849, 'sysPermission', '权限表'),(749807970816002, 'sysRole', '角色'),(749807972913153, 'sysRoleColumn', '角色专属映射行'),(749807977107459, 'sysRoleGroup', '角色对应组'),(749807978156034, 'sysRoleTable', '角色专属映射表'),(749807981301760, 'sysUsers', '用户'),(749807984447490, 'sysUsersLoginLog', '用户日志'),(1021459040309248, 'sysOptionRequest', '选项-引用'),(1021459049746432, 'sysOptionSql', '选项-sql');
UNLOCK TABLES;
COMMIT;
BEGIN;
LOCK TABLES `frame`.`sys_option` WRITE;
DELETE FROM `frame`.`sys_option`;
INSERT INTO `frame`.`sys_option` (`sys_option_id`,`sys_option_key`,`sys_option_title`,`sys_option_value`,`sys_option_state`) VALUES (1, 'def_state', '禁用', '0', 1),(2, 'def_state', '正常', '1', 1),(5, 'def_open_end', '开', '1', 1),(6, 'def_open_end', '关', '0', 1),(7, 'def_montage', '并且[1]', '1', 1),(8, 'def_montage', '或者[2]', '2', 1),(9, 'def_montage', '并且([3]', '3', 1),(10, 'def_montage', '或者([4]', '4', 1),(11, 'def_montage', ')并且[5]', '5', 1),(12, 'def_montage', ')或者[6]', '6', 1),(13, 'def_montage', '([7]', '7', 1),(14, 'def_montage', ')[8]', '8', 1),(15, 'def_symbol', '等于[1]', '1', 1),(16, 'def_symbol', '大于[2]', '2', 1),(17, 'def_symbol', '大于等于[3]', '3', 1),(18, 'def_symbol', '小于[4]', '4', 1),(19, 'def_symbol', '小于等于[5]', '5', 1),(20, 'def_symbol', '不等于[6]', '6', 1),(21, 'def_symbol', '%模糊%[7]', '7', 1),(22, 'def_symbol', '模糊%[8]', '8', 1),(23, 'def_symbol', '%模糊[9]', '9', 1),(24, 'sys_users_type', '临时用户', '1', 1),(25, 'sys_users_type', '普通用户', '2', 1),(26, 'sys_users_type', '管理员用户', '3', 1),(27, 'sys_users_type', '超级管理员', '4', 1),(28, 'sys_users_type', '限时授权用户', '5', 1),(29, 'sys_permission_type', '页面权限', '1', 1),(30, 'sys_permission_type', '接口权限', '2', 1),(31, 'def_sex', '男', '1', 1),(32, 'def_sex', '女', '2', 1),(33, 'def_start_end', '结束', '0', 1),(34, 'def_start_end', '开始', '1', 1),(35, 'def_yes_no', '是', '1', 1),(36, 'def_yes_no', '否', '0', 1),(40, 'application_type', '全动态代码项目', '1', 1),(41, 'application_type', '非动态代码项目', '2', 1),(42, 'sys_mapping_column_text', '不是文本', '0', 1),(43, 'sys_mapping_column_text', '是文本', '1', 1),(44, 'sys_mapping_column_text', '是多行文本', '2', 1),(1018755502051328, 'def_date_tem', 'yyyy-MM-dd hh:mm:ss', 'datetime', 1),(1018765189844992, 'def_date_tem', 'yyyy-MM-dd', 'date', 1),(1018772294995968, 'def_date_tem', 'hh:mm:ss', 'time', 1),(1106237236187136, 'sysGroupType', '默认权限组0', '0', 1),(1106266410717184, 'sysGroupType', '默认权限组1', '1', 1),(1111263367139328, 'sysOptionRequestMet', 'GET', 'GET', 1),(1111268308029440, 'sysOptionRequestMet', 'POST', 'POST', 1),(1111274029060096, 'sysOptionRequestMet', 'PUT', 'PUT', 1),(1111277938151424, 'sysOptionRequestMet', 'DELETE', 'DELETE', 1);
UNLOCK TABLES;
COMMIT;
BEGIN;
LOCK TABLES `frame`.`sys_option_request` WRITE;
DELETE FROM `frame`.`sys_option_request`;
INSERT INTO `frame`.`sys_option_request` (`sys_option_request_id`,`sys_option_request_url`,`sys_option_request_met`,`sys_option_request_data`,`sys_option_request_title_name`,`sys_option_request_val_name`,`sys_option_request_search_url`,`sys_option_request_search_met`,`sys_option_request_search_data`,`sys_option_request_search_title_name`,`sys_option_request_search_val_name`,`sys_option_request_key`) VALUES (1106929430564864, '/system/v1.0.0/sysFile/query', 'GET', 'field=xxxxx&value=${xxxxx}&symbol=1&montage=1', 'xxxxx', 'xxxxx', '/system/v1.0.0/sysFile/query', 'GET', 'field=xxxxx&value=${xxxxx}&symbol=1&montage=1', 'xxxxx', 'xxxxx', 'sysFile'),(1106929443147776, '/system/v1.0.0/sysGroup/query', 'GET', 'field=xxxxx&value=${xxxxx}&symbol=1&montage=1', 'xxxxx', 'xxxxx', '/system/v1.0.0/sysGroup/query', 'GET', 'field=xxxxx&value=${xxxxx}&symbol=1&montage=1', 'xxxxx', 'xxxxx', 'sysGroup'),(1106929451536384, '/system/v1.0.0/sysGroupPermission/query', 'GET', 'field=xxxxx&value=${xxxxx}&symbol=1&montage=1', 'xxxxx', 'xxxxx', '/system/v1.0.0/sysGroupPermission/query', 'GET', 'field=xxxxx&value=${xxxxx}&symbol=1&montage=1', 'xxxxx', 'xxxxx', 'sysGroupPermission'),(1106929458876416, '/system/v1.0.0/sysLog/query', 'GET', 'field=xxxxx&value=${xxxxx}&symbol=1&montage=1', 'xxxxx', 'xxxxx', '/system/v1.0.0/sysLog/query', 'GET', 'field=xxxxx&value=${xxxxx}&symbol=1&montage=1', 'xxxxx', 'xxxxx', 'sysLog'),(1106929467265024, '/system/v1.0.0/sysMappingColumn/query', 'GET', 'field=xxxxx&value=${xxxxx}&symbol=1&montage=1', 'xxxxx', 'xxxxx', '/system/v1.0.0/sysMappingColumn/query', 'GET', 'field=xxxxx&value=${xxxxx}&symbol=1&montage=1', 'xxxxx', 'xxxxx', 'sysMappingColumn'),(1106929479847936, '/system/v1.0.0/sysMappingTable/query', 'GET', 'field=xxxxx&value=${xxxxx}&symbol=1&montage=1', 'xxxxx', 'xxxxx', '/system/v1.0.0/sysMappingTable/query', 'GET', 'field=xxxxx&value=${xxxxx}&symbol=1&montage=1', 'xxxxx', 'xxxxx', 'sysMappingTable'),(1106929486139392, '/system/v1.0.0/sysOption/query', 'GET', 'field=xxxxx&value=${xxxxx}&symbol=1&montage=1', 'xxxxx', 'xxxxx', '/system/v1.0.0/sysOption/query', 'GET', 'field=xxxxx&value=${xxxxx}&symbol=1&montage=1', 'xxxxx', 'xxxxx', 'sysOption'),(1106929493479424, '/system/v1.0.0/sysOptionRequest/query', 'GET', 'field=xxxxx&value=${xxxxx}&symbol=1&montage=1', 'xxxxx', 'xxxxx', '/system/v1.0.0/sysOptionRequest/query', 'GET', 'field=xxxxx&value=${xxxxx}&symbol=1&montage=1', 'xxxxx', 'xxxxx', 'sysOptionRequest'),(1106929501868032, '/system/v1.0.0/sysOptionSql/query', 'GET', 'field=xxxxx&value=${xxxxx}&symbol=1&montage=1', 'xxxxx', 'xxxxx', '/system/v1.0.0/sysOptionSql/query', 'GET', 'field=xxxxx&value=${xxxxx}&symbol=1&montage=1', 'xxxxx', 'xxxxx', 'sysOptionSql'),(1106929509208064, '/system/v1.0.0/sysPermission/query', 'GET', 'field=xxxxx&value=${xxxxx}&symbol=1&montage=1', 'xxxxx', 'xxxxx', '/system/v1.0.0/sysPermission/query', 'GET', 'field=xxxxx&value=${xxxxx}&symbol=1&montage=1', 'xxxxx', 'xxxxx', 'sysPermission'),(1106929517596672, '/system/v1.0.0/sysRole/query', 'GET', 'field=xxxxx&value=${xxxxx}&symbol=1&montage=1', 'xxxxx', 'xxxxx', '/system/v1.0.0/sysRole/query', 'GET', 'field=xxxxx&value=${xxxxx}&symbol=1&montage=1', 'xxxxx', 'xxxxx', 'sysRole'),(1106929523888128, '/system/v1.0.0/sysRoleColumn/query', 'GET', 'field=xxxxx&value=${xxxxx}&symbol=1&montage=1', 'xxxxx', 'xxxxx', '/system/v1.0.0/sysRoleColumn/query', 'GET', 'field=xxxxx&value=${xxxxx}&symbol=1&montage=1', 'xxxxx', 'xxxxx', 'sysRoleColumn'),(1106929535422464, '/system/v1.0.0/sysRoleGroup/query', 'GET', 'field=xxxxx&value=${xxxxx}&symbol=1&montage=1', 'xxxxx', 'xxxxx', '/system/v1.0.0/sysRoleGroup/query', 'GET', 'field=xxxxx&value=${xxxxx}&symbol=1&montage=1', 'xxxxx', 'xxxxx', 'sysRoleGroup'),(1106929540665344, '/system/v1.0.0/sysRoleTable/query', 'GET', 'field=xxxxx&value=${xxxxx}&symbol=1&montage=1', 'xxxxx', 'xxxxx', '/system/v1.0.0/sysRoleTable/query', 'GET', 'field=xxxxx&value=${xxxxx}&symbol=1&montage=1', 'xxxxx', 'xxxxx', 'sysRoleTable'),(1106929549053952, '/system/v1.0.0/sysUsers/query', 'GET', 'field=xxxxx&value=${xxxxx}&symbol=1&montage=1', 'xxxxx', 'xxxxx', '/system/v1.0.0/sysUsers/query', 'GET', 'field=xxxxx&value=${xxxxx}&symbol=1&montage=1', 'xxxxx', 'xxxxx', 'sysUsers'),(1106929558491136, '/system/v1.0.0/sysUsersLoginLog/query', 'GET', 'field=xxxxx&value=${xxxxx}&symbol=1&montage=1', 'xxxxx', 'xxxxx', '/system/v1.0.0/sysUsersLoginLog/query', 'GET', 'field=xxxxx&value=${xxxxx}&symbol=1&montage=1', 'xxxxx', 'xxxxx', 'sysUsersLoginLog'),(1107398321246208, '/system/v1.0.0/sysPermission/query', 'GET', 'field=sysPermissionId&value=${sysGroupPermissionPid}&symbol=1&montage=1', 'sysPermissionName', 'sysPermissionId', '/system/v1.0.0/sysPermission/query', 'GET', 'field=sysPermissionName&value=${sysGroupPermissionPid}&symbol=7&montage=1', 'sysPermissionName', 'sysPermissionId', 'sysGroupPermissionPid'),(1108694370619392, '/system/v1.0.0/sysPermission/query', 'GET', 'field=sysPermissionId&value=${sysPermissionSup}&symbol=1&montage=1', 'sysPermissionName', 'sysPermissionId', '/system/v1.0.0/sysPermission/query', 'GET', 'field=sysPermissionName&value=${sysPermissionSup}&symbol=7&montage=1', 'sysPermissionName', 'sysPermissionId', 'sysPermissionSup'),(1108946918051840, '/system/v1.0.0/sysRole/query', 'GET', 'field=sysRoleId&value=${sysRoleTableRole}&symbol=1&montage=1', 'sysRoleName', 'sysRoleId', '/system/v1.0.0/sysRole/query', 'GET', 'field=sysRoleName&value=${sysRoleTableRole}&symbol=7&montage=1', 'sysRoleName', 'sysRoleId', 'sysRoleTableRole'),(1111054298910720, '/system/v1.0.0/sysUsers/query', 'GET', 'field=sysUsersId&value=${sysUsersLoginLogUid}&symbol=1&montage=1', 'sysUsersAcc', 'sysUsersId', '/system/v1.0.0/sysUsers/query', 'GET', 'field=sysUsersAcc&value=${sysUsersLoginLogUid}&symbol=7&montage=1', 'sysUsersAcc', 'sysUsersId', 'sysUsersLoginLogUid'),(1652023196913664, '/system/v1.0.0/sysOption/query', 'GET', 'field=sysOptionKey&value=${sysMappingColumnOption}&symbol=1&montage=1', 'sysOptionKey', 'sysOptionKey', '/system/v1.0.0/sysOption/query', 'GET', 'field=sysOptionKey&value=${sysMappingColumnOption}&symbol=7&montage=1', 'sysOptionKey', 'sysOptionKey', 'sysMappingColumnOption'),(1652267606347776, '/system/v1.0.0/sysOptionSql/query', 'GET', 'field=sysOptionSqlKey&value=${sysMappingColumnSql}&symbol=1&montage=1', 'sysOptionSqlKey', 'sysOptionSqlKey', '/system/v1.0.0/sysOptionSql/query', 'GET', 'field=sysOptionSqlKey&value=${sysMappingColumnSql}&symbol=7&montage=1', 'sysOptionSqlKey', 'sysOptionSqlKey', 'sysMappingColumnSql'),(1652273041117184, '/system/v1.0.0/sysOptionRequest/query', 'GET', 'field=sysOptionRequestKey&value=${sysMappingColumnRequest}&symbol=1&montage=1', 'sysOptionRequestKey', 'sysOptionRequestKey', '/system/v1.0.0/sysOptionRequest/query', 'GET', 'field=sysOptionRequestKey&value=${sysMappingColumnRequest}&symbol=7&montage=1', 'sysOptionRequestKey', 'sysOptionRequestKey', 'sysMappingColumnRequest');
UNLOCK TABLES;
COMMIT;
BEGIN;
LOCK TABLES `frame`.`sys_option_sql` WRITE;
DELETE FROM `frame`.`sys_option_sql`;
INSERT INTO `frame`.`sys_option_sql` (`sys_option_sql_id`,`sys_option_sql_sql`,`sys_option_sql_title_name`,`sys_option_sql_val_name`,`sys_option_sql_key`) VALUES (1106097430597632, 'select * from sys_group', 'sysGroupName', 'sysGroupId', 'sysGroupSup'),(1106929435807744, 'select * from sys_file', 'xxxxx', 'xxxxx', 'sysFile'),(1106929445244928, 'select * from sys_group', 'xxxxx', 'xxxxx', 'sysGroup'),(1106929454682112, 'select * from sys_group_permission', 'xxxxx', 'xxxxx', 'sysGroupPermission'),(1106929460973568, 'select * from sys_log', 'xxxxx', 'xxxxx', 'sysLog'),(1106929470410752, 'select * from sys_mapping_column', 'xxxxx', 'xxxxx', 'sysMappingColumn'),(1106929482993664, 'select * from sys_mapping_table', 'xxxxx', 'xxxxx', 'sysMappingTable'),(1106929488236544, 'select * from sys_option', 'xxxxx', 'xxxxx', 'sysOption'),(1106929494528000, 'select * from sys_option_request', 'xxxxx', 'xxxxx', 'sysOptionRequest'),(1106929505013760, 'select * from sys_option_sql', 'xxxxx', 'xxxxx', 'sysOptionSql'),(1106929512353792, 'select * from sys_permission', 'xxxxx', 'xxxxx', 'sysPermission'),(1106929519693824, 'select * from sys_role', 'xxxxx', 'xxxxx', 'sysRole'),(1106929527033856, 'select * from sys_role_column', 'xxxxx', 'xxxxx', 'sysRoleColumn'),(1106929537519616, 'select * from sys_role_group', 'xxxxx', 'xxxxx', 'sysRoleGroup'),(1106929542762496, 'select * from sys_role_table', 'xxxxx', 'xxxxx', 'sysRoleTable'),(1106929551151104, 'select * from sys_users', 'xxxxx', 'xxxxx', 'sysUsers'),(1106929560588288, 'select * from sys_users_login_log', 'xxxxx', 'xxxxx', 'sysUsersLoginLog'),(1107908275212288, 'select * from sys_group', 'sysGroupName', 'sysGroupId', 'sysGroupPermissionGid'),(1108104500482048, 'select * from sys_mapping_table', 'sysMappingTableName', 'sysMappingTableId', 'sysMappingColumnTable'),(1108195357495296, 'select * from sys_option_request', 'sysOptionRequestKey', 'sysOptionRequestKey', 'sysMappingColumnRequest'),(1108285333704704, 'select * from sys_option_sql', 'sysOptionSqlKey', 'sysOptionSqlKey', 'sysMappingColumnSql'),(1108378496536576, 'select * from sys_option', 'sysOptionKey', 'sysOptionKey', 'sysMappingColumnOption'),(1109118691577856, 'select * from sys_role_table', 'sysRoleTableName', 'sysRoleTableId', 'sysRoleColumnTable'),(1109889672810496, 'select * from sys_role', 'sysRoleName', 'sysRoleId', 'sysUsersRole'),(1111795330715648, 'select * from sys_role', 'sysRoleName', 'sysRoleId', 'sysRoleGroupRid'),(1111879166464000, 'select * from sys_group', 'sysGroupName', 'sysGroupId', 'sysRoleGroupGid');
UNLOCK TABLES;
COMMIT;
BEGIN;
LOCK TABLES `frame`.`sys_permission` WRITE;
DELETE FROM `frame`.`sys_permission`;
INSERT INTO `frame`.`sys_permission` (`sys_permission_id`,`sys_permission_name`,`sys_permission_data`,`sys_permission_type`,`sys_permission_desc`,`sys_permission_sup`,`sys_permission_sort`) VALUES (0, '根权限', NULL, 1, NULL, -1, 0),(749068235051008, 'frame', NULL, 1, NULL, 0, 0),(749068236099584, 'sysFile', 'list.html?config=sysFile', 1, NULL, 749068235051008, 0),(749068237148160, 'sysGroup', 'list.html?config=sysGroup', 1, NULL, 749068235051008, 0),(749068238196736, 'sysGroupPermission', 'list.html?config=sysGroupPermission', 1, NULL, 749068235051008, 0),(749068238196737, 'sysLog', 'list.html?config=sysLog', 1, NULL, 749068235051008, 0),(749068239245312, 'sysMappingColumn', 'list.html?config=sysMappingColumn', 1, NULL, 749068235051008, 0),(749068239245313, 'sysMappingTable', 'list.html?config=sysMappingTable', 1, NULL, 749068235051008, 0),(749068240293888, 'sysOption', 'list.html?config=sysOption', 1, NULL, 749068235051008, 0),(749068240293889, 'sysPermission', 'list.html?config=sysPermission', 1, NULL, 749068235051008, 0),(749068240293890, 'sysRoleColumn', 'list.html?config=sysRoleColumn', 1, NULL, 749068235051008, 0),(749068241342464, 'sysRoleGroup', 'list.html?config=sysRoleGroup', 1, NULL, 749068235051008, 0),(749068241342465, 'sysRoleTable', 'list.html?config=sysRoleTable', 1, NULL, 749068235051008, 0),(749068242391040, 'sysUsers', 'list.html?config=sysUsers', 1, NULL, 749068235051008, 0),(749068243439616, 'sysUsersLoginLog', 'list.html?config=sysUsersLoginLog', 1, NULL, 749068235051008, 0),(749070779944960, 'com.frame.api.SysUsersApi', NULL, 2, NULL, 0, 0),(749070779944968, 'com.frame.controller.SysOptionController', NULL, 2, NULL, 0, 0),(749070779944969, '/system/v1.0.0/sysOption/save/-POST', NULL, 2, NULL, 749070779944968, 0),(749070779944970, '/system/v1.0.0/sysOption/find/-GET', NULL, 2, NULL, 749070779944968, 0),(749070779944971, '/system/v1.0.0/sysOption/query/-GET', NULL, 2, NULL, 749070779944968, 0),(749070779944972, '/system/v1.0.0/sysOption/deleteAll/-DELETE', NULL, 2, NULL, 749070779944968, 0),(749070779944973, '/system/v1.0.0/sysOption/update/-POST', NULL, 2, NULL, 749070779944968, 0),(749070779944974, '/system/v1.0.0/sysOption/delete/-DELETE', NULL, 2, NULL, 749070779944968, 0),(749070779944975, '/system/v1.0.0/sysOption/list/-GET', NULL, 2, NULL, 749070779944968, 0),(749070779944976, 'com.frame.api.SystemApiV2', NULL, 2, NULL, 0, 0),(749070779944977, '/system/v2/update/role/mapping/-GET', NULL, 2, NULL, 749070779944976, 0),(749070779944978, '/system/v2/read/user/info/-GET', NULL, 2, NULL, 749070779944976, 0),(749070779944979, '/system/v2/update/mapping/-GET', NULL, 2, NULL, 749070779944976, 0),(749070779944980, '/system/v2/register/-POST', NULL, 2, NULL, 749070779944976, 0),(749070779944981, '/system/v2/read/file/-GET', NULL, 2, NULL, 749070779944976, 0),(749070779944982, '/system/v2/upload/-POST', NULL, 2, NULL, 749070779944976, 0),(749070779944983, '/system/v2/read/permission/-GET', NULL, 2, NULL, 749070779944976, 0),(749070779944984, '/system/v2/image/code/-GET', NULL, 2, NULL, 749070779944976, 0),(749070779944985, '/system/v2/login/-POST', NULL, 2, NULL, 749070779944976, 0),(749070779944986, '/system/v2/read/mapping/-GET', NULL, 2, NULL, 749070779944976, 0),(749070779944987, '/system/v2/exit/user/-GET', NULL, 2, NULL, 749070779944976, 0),(749070779944988, 'com.frame.api.TestAction', NULL, 2, NULL, 0, 0),(749070779944989, '/test/test3/-GET', NULL, 2, NULL, 749070779944988, 0),(749070779944990, '/test/api/test/json01/-GET', NULL, 2, NULL, 749070779944988, 0),(749070779944991, '/test/test1/-GET', NULL, 2, NULL, 749070779944988, 0),(749070779944992, '/test/api/test/-POST', NULL, 2, NULL, 749070779944988, 0),(749070779944993, '/test/api/test2/-POST', NULL, 2, NULL, 749070779944988, 0),(749070779944994, '/test/api/test/find/-GET', NULL, 2, NULL, 749070779944988, 0),(749070779944995, '/test/test0/-GET', NULL, 2, NULL, 749070779944988, 0),(749070779944996, '/test/test5/-GET', NULL, 2, NULL, 749070779944988, 0),(749070779944997, '/test/test4/-GET', NULL, 2, NULL, 749070779944988, 0),(749070779944998, 'com.frame.controller.SysLogController', NULL, 2, NULL, 0, 0),(749070779944999, '/system/v1.0.0/sysLog/deleteAll/-DELETE', NULL, 2, NULL, 749070779944998, 0),(749070779945000, '/system/v1.0.0/sysLog/delete/-DELETE', NULL, 2, NULL, 749070779944998, 0),(749070779945001, '/system/v1.0.0/sysLog/list/-GET', NULL, 2, NULL, 749070779944998, 0),(749070779945002, '/system/v1.0.0/sysLog/find/-GET', NULL, 2, NULL, 749070779944998, 0),(749070779945003, '/system/v1.0.0/sysLog/save/-POST', NULL, 2, NULL, 749070779944998, 0),(749070779945004, '/system/v1.0.0/sysLog/query/-GET', NULL, 2, NULL, 749070779944998, 0),(749070779945005, '/system/v1.0.0/sysLog/update/-POST', NULL, 2, NULL, 749070779944998, 0),(749070779945006, 'com.frame.controller.SysPermissionController', NULL, 2, NULL, 0, 0),(749070779945007, '/system/v1.0.0/sysPermission/save/-POST', NULL, 2, NULL, 749070779945006, 0),(749070779945008, '/system/v1.0.0/sysPermission/find/-GET', NULL, 2, NULL, 749070779945006, 0),(749070779945009, '/system/v1.0.0/sysPermission/query/-GET', NULL, 2, NULL, 749070779945006, 0),(749070779945010, '/system/v1.0.0/sysPermission/list/-GET', NULL, 2, NULL, 749070779945006, 0),(749070779945011, '/system/v1.0.0/sysPermission/update/-POST', NULL, 2, NULL, 749070779945006, 0),(749070779945012, '/system/v1.0.0/sysPermission/delete/-DELETE', NULL, 2, NULL, 749070779945006, 0),(749070779945013, '/system/v1.0.0/sysPermission/deleteAll/-DELETE', NULL, 2, NULL, 749070779945006, 0),(749070779945014, 'com.frame.controller.SysRoleController', NULL, 2, NULL, 0, 0),(749070779945015, '/system/v1.0.0/sysRole/save/-POST', NULL, 2, NULL, 749070779945014, 0),(749070779945016, '/system/v1.0.0/sysRole/delete/-DELETE', NULL, 2, NULL, 749070779945014, 0),(749070779945017, '/system/v1.0.0/sysRole/list/-GET', NULL, 2, NULL, 749070779945014, 0),(749070779945018, '/system/v1.0.0/sysRole/update/-POST', NULL, 2, NULL, 749070779945014, 0),(749070779945019, '/system/v1.0.0/sysRole/find/-GET', NULL, 2, NULL, 749070779945014, 0),(749070779945020, '/system/v1.0.0/sysRole/query/-GET', NULL, 2, NULL, 749070779945014, 0),(749070779945021, '/system/v1.0.0/sysRole/deleteAll/-DELETE', NULL, 2, NULL, 749070779945014, 0),(749070779945022, 'com.frame.controller.SysRoleGroupController', NULL, 2, NULL, 0, 0),(749070779945023, '/system/v1.0.0/sysRoleGroup/query/-GET', NULL, 2, NULL, 749070779945022, 0),(749070779945024, '/system/v1.0.0/sysRoleGroup/deleteAll/-DELETE', NULL, 2, NULL, 749070779945022, 0),(749070779945025, '/system/v1.0.0/sysRoleGroup/list/-GET', NULL, 2, NULL, 749070779945022, 0),(749070779945026, '/system/v1.0.0/sysRoleGroup/find/-GET', NULL, 2, NULL, 749070779945022, 0),(749070779945027, '/system/v1.0.0/sysRoleGroup/delete/-DELETE', NULL, 2, NULL, 749070779945022, 0),(749070779945028, '/system/v1.0.0/sysRoleGroup/save/-POST', NULL, 2, NULL, 749070779945022, 0),(749070779945029, '/system/v1.0.0/sysRoleGroup/update/-POST', NULL, 2, NULL, 749070779945022, 0),(749070779945030, 'com.frame.api.SystemAction', NULL, 2, NULL, 0, 0),(749070779945031, '/system/v1.0.0/read/permission/all/-GET', NULL, 2, NULL, 749070779945030, 0),(749070779945032, '/system/v1.0.0/update/updatePermissionAndMapping/-GET', NULL, 2, NULL, 749070779945030, 0),(749070779945033, '/system/v1.0.0/authorize/permission/-POST', NULL, 2, NULL, 749070779945030, 0),(749070779945034, '/system/v1.0.0/read/permission/-GET', NULL, 2, NULL, 749070779945030, 0),(749070779945035, 'com.frame.controller.SysMappingTableController', NULL, 2, NULL, 0, 0),(749070779945036, '/system/v1.0.0/sysMappingTable/find/-GET', NULL, 2, NULL, 749070779945035, 0),(749070779945037, '/system/v1.0.0/sysMappingTable/deleteAll/-DELETE', NULL, 2, NULL, 749070779945035, 0),(749070779945038, '/system/v1.0.0/sysMappingTable/save/-POST', NULL, 2, NULL, 749070779945035, 0),(749070779945039, '/system/v1.0.0/sysMappingTable/update/-POST', NULL, 2, NULL, 749070779945035, 0),(749070779945040, '/system/v1.0.0/sysMappingTable/query/-GET', NULL, 2, NULL, 749070779945035, 0),(749070779945041, '/system/v1.0.0/sysMappingTable/list/-GET', NULL, 2, NULL, 749070779945035, 0),(749070779945042, '/system/v1.0.0/sysMappingTable/delete/-DELETE', NULL, 2, NULL, 749070779945035, 0),(749070779945043, 'com.frame.controller.SysRoleTableController', NULL, 2, NULL, 0, 0),(749070779945044, '/system/v1.0.0/sysRoleTable/save/-POST', NULL, 2, NULL, 749070779945043, 0),(749070779945045, '/system/v1.0.0/sysRoleTable/find/-GET', NULL, 2, NULL, 749070779945043, 0),(749070779945046, '/system/v1.0.0/sysRoleTable/list/-GET', NULL, 2, NULL, 749070779945043, 0),(749070779945047, '/system/v1.0.0/sysRoleTable/query/-GET', NULL, 2, NULL, 749070779945043, 0),(749070779945048, '/system/v1.0.0/sysRoleTable/deleteAll/-DELETE', NULL, 2, NULL, 749070779945043, 0),(749070779945049, '/system/v1.0.0/sysRoleTable/update/-POST', NULL, 2, NULL, 749070779945043, 0),(749070779945050, '/system/v1.0.0/sysRoleTable/delete/-DELETE', NULL, 2, NULL, 749070779945043, 0),(749070779945051, 'com.frame.controller.SysFileController', NULL, 2, NULL, 0, 0),(749070779945052, '/system/v1.0.0/sysFile/deleteAll/-DELETE', NULL, 2, NULL, 749070779945051, 0),(749070779945053, '/system/v1.0.0/sysFile/find/-GET', NULL, 2, NULL, 749070779945051, 0),(749070779945054, '/system/v1.0.0/sysFile/list/-GET', NULL, 2, NULL, 749070779945051, 0),(749070779945055, '/system/v1.0.0/sysFile/update/-POST', NULL, 2, NULL, 749070779945051, 0),(749070779945056, '/system/v1.0.0/sysFile/query/-GET', NULL, 2, NULL, 749070779945051, 0),(749070779945057, '/system/v1.0.0/sysFile/save/-POST', NULL, 2, NULL, 749070779945051, 0),(749070779945058, '/system/v1.0.0/sysFile/delete/-DELETE', NULL, 2, NULL, 749070779945051, 0),(749070779945059, 'com.frame.controller.SysGroupController', NULL, 2, NULL, 0, 0),(749070779945060, '/system/v1.0.0/sysGroup/save/-POST', NULL, 2, NULL, 749070779945059, 0),(749070779945061, '/system/v1.0.0/sysGroup/update/-POST', NULL, 2, NULL, 749070779945059, 0),(749070779945062, '/system/v1.0.0/sysGroup/find/-GET', NULL, 2, NULL, 749070779945059, 0),(749070779945063, '/system/v1.0.0/sysGroup/delete/-DELETE', NULL, 2, NULL, 749070779945059, 0),(749070779945064, '/system/v1.0.0/sysGroup/query/-GET', NULL, 2, NULL, 749070779945059, 0),(749070779945065, '/system/v1.0.0/sysGroup/deleteAll/-DELETE', NULL, 2, NULL, 749070779945059, 0),(749070779945066, '/system/v1.0.0/sysGroup/list/-GET', NULL, 2, NULL, 749070779945059, 0),(749070779945067, 'com.frame.controller.SysMappingColumnController', NULL, 2, NULL, 0, 0),(749070779945068, '/system/v1.0.0/sysMappingColumn/query/-GET', NULL, 2, NULL, 749070779945067, 0),(749070779945069, '/system/v1.0.0/sysMappingColumn/delete/-DELETE', NULL, 2, NULL, 749070779945067, 0),(749070779945070, '/system/v1.0.0/sysMappingColumn/deleteAll/-DELETE', NULL, 2, NULL, 749070779945067, 0),(749070779945071, '/system/v1.0.0/sysMappingColumn/find/-GET', NULL, 2, NULL, 749070779945067, 0),(749070779945072, '/system/v1.0.0/sysMappingColumn/list/-GET', NULL, 2, NULL, 749070779945067, 0),(749070779945073, '/system/v1.0.0/sysMappingColumn/save/-POST', NULL, 2, NULL, 749070779945067, 0),(749070779945074, '/system/v1.0.0/sysMappingColumn/update/-POST', NULL, 2, NULL, 749070779945067, 0),(749070779945075, 'com.frame.controller.SysUsersLoginLogController', NULL, 2, NULL, 0, 0),(749070779945076, '/system/v1.0.0/sysUsersLoginLog/find/-GET', NULL, 2, NULL, 749070779945075, 0),(749070779945077, '/system/v1.0.0/sysUsersLoginLog/save/-POST', NULL, 2, NULL, 749070779945075, 0),(749070779945078, '/system/v1.0.0/sysUsersLoginLog/update/-POST', NULL, 2, NULL, 749070779945075, 0),(749070779945079, '/system/v1.0.0/sysUsersLoginLog/deleteAll/-DELETE', NULL, 2, NULL, 749070779945075, 0),(749070779945080, '/system/v1.0.0/sysUsersLoginLog/list/-GET', NULL, 2, NULL, 749070779945075, 0),(749070779945081, '/system/v1.0.0/sysUsersLoginLog/query/-GET', NULL, 2, NULL, 749070779945075, 0),(749070779945082, '/system/v1.0.0/sysUsersLoginLog/delete/-DELETE', NULL, 2, NULL, 749070779945075, 0),(749070779945083, 'com.frame.controller.SysGroupPermissionController', NULL, 2, NULL, 0, 0),(749070779945084, '/system/v1.0.0/sysGroupPermission/find/-GET', NULL, 2, NULL, 749070779945083, 0),(749070779945085, '/system/v1.0.0/sysGroupPermission/deleteAll/-DELETE', NULL, 2, NULL, 749070779945083, 0),(749070779945086, '/system/v1.0.0/sysGroupPermission/list/-GET', NULL, 2, NULL, 749070779945083, 0),(749070779945087, '/system/v1.0.0/sysGroupPermission/save/-POST', NULL, 2, NULL, 749070779945083, 0),(749070779945088, '/system/v1.0.0/sysGroupPermission/delete/-DELETE', NULL, 2, NULL, 749070779945083, 0),(749070779945089, '/system/v1.0.0/sysGroupPermission/update/-POST', NULL, 2, NULL, 749070779945083, 0),(749070779945090, '/system/v1.0.0/sysGroupPermission/query/-GET', NULL, 2, NULL, 749070779945083, 0),(749070779945091, 'com.frame.controller.SysRoleColumnController', NULL, 2, NULL, 0, 0),(749070779945092, '/system/v1.0.0/sysRoleColumn/find/-GET', NULL, 2, NULL, 749070779945091, 0),(749070779945093, '/system/v1.0.0/sysRoleColumn/list/-GET', NULL, 2, NULL, 749070779945091, 0),(749070779945094, '/system/v1.0.0/sysRoleColumn/deleteAll/-DELETE', NULL, 2, NULL, 749070779945091, 0),(749070779945095, '/system/v1.0.0/sysRoleColumn/query/-GET', NULL, 2, NULL, 749070779945091, 0),(749070779945096, '/system/v1.0.0/sysRoleColumn/update/-POST', NULL, 2, NULL, 749070779945091, 0),(749070779945097, '/system/v1.0.0/sysRoleColumn/delete/-DELETE', NULL, 2, NULL, 749070779945091, 0),(749070779945098, '/system/v1.0.0/sysRoleColumn/save/-POST', NULL, 2, NULL, 749070779945091, 0),(749210486968321, '/system/v1.0.0/sysUsers/deleteAll/-DELETE', NULL, 2, NULL, 749210486968320, 0),(749210486968322, '/system/v1.0.0/sysUsers/update/-POST', NULL, 2, NULL, 749210486968320, 0),(749210486968323, '/system/v1.0.0/sysUsers/delete/-DELETE', NULL, 2, NULL, 749210486968320, 0),(749210486968324, '/system/v1.0.0/sysUsers/query/-GET', NULL, 2, NULL, 749210486968320, 0),(749210486968325, '/system/v1.0.0/sysUsers/save/-POST', NULL, 2, NULL, 749210486968320, 0),(749210486968326, '/system/v1.0.0/sysUsers/list/-GET', NULL, 2, NULL, 749210486968320, 0),(749210486968327, '/system/v1.0.0/sysUsers/find/-GET', NULL, 2, NULL, 749210486968320, 0),(752996625420312, '/system/v2/read/permission/all/-GET', NULL, 2, NULL, 752996625420304, 0),(760868899917852, '/system/v2/update/permission/all/-GET', NULL, 2, NULL, 760868899917840, 0),(822225393422336, 'sysRole', 'list.html?config=sysRole', 1, NULL, 749068235051008, 0),(824497720528896, 'com.frame.api.TestApi', NULL, 2, NULL, 0, 0),(1021459100078080, 'sysOptionRequest', 'list.html?config=sysOptionRequest', 1, NULL, 749068235051008, 0),(1021459101126656, 'sysOptionSql', 'list.html?config=sysOptionSql', 1, NULL, 749068235051008, 0),(1021555225137192, 'com.frame.controller.SysOptionRequestController', NULL, 2, NULL, 0, 0),(1021555225137193, '/system/v1.0.0/sysOptionRequest/deleteAll/-DELETE', NULL, 2, NULL, 1021555225137192, 0),(1021555225137194, '/system/v1.0.0/sysOptionRequest/save/-POST', NULL, 2, NULL, 1021555225137192, 0),(1021555225137195, '/system/v1.0.0/sysOptionRequest/delete/-DELETE', NULL, 2, NULL, 1021555225137192, 0),(1021555225137196, '/system/v1.0.0/sysOptionRequest/update/-POST', NULL, 2, NULL, 1021555225137192, 0),(1021555225137197, '/system/v1.0.0/sysOptionRequest/query/-GET', NULL, 2, NULL, 1021555225137192, 0),(1021555225137198, '/system/v1.0.0/sysOptionRequest/list/-GET', NULL, 2, NULL, 1021555225137192, 0),(1021555225137199, '/system/v1.0.0/sysOptionRequest/find/-GET', NULL, 2, NULL, 1021555225137192, 0),(1021555225137224, 'com.frame.controller.SysOptionSqlController', NULL, 2, NULL, 0, 0),(1021555225137225, '/system/v1.0.0/sysOptionSql/list/-GET', NULL, 2, NULL, 1021555225137224, 0),(1021555225137226, '/system/v1.0.0/sysOptionSql/delete/-DELETE', NULL, 2, NULL, 1021555225137224, 0),(1021555225137227, '/system/v1.0.0/sysOptionSql/deleteAll/-DELETE', NULL, 2, NULL, 1021555225137224, 0),(1021555225137228, '/system/v1.0.0/sysOptionSql/find/-GET', NULL, 2, NULL, 1021555225137224, 0),(1021555225137229, '/system/v1.0.0/sysOptionSql/save/-POST', NULL, 2, NULL, 1021555225137224, 0),(1021555225137230, '/system/v1.0.0/sysOptionSql/query/-GET', NULL, 2, NULL, 1021555225137224, 0),(1021555225137231, '/system/v1.0.0/sysOptionSql/update/-POST', NULL, 2, NULL, 1021555225137224, 0),(1131135398580225, '/test/test2/-GET', NULL, 2, NULL, 1131135398580224, 0),(1180576095670275, '/test/start/-GET', NULL, 2, NULL, 1180576095670272, 0),(1186293128105986, '/test/test/test1/-GET', NULL, 2, NULL, 1186293128105984, 0),(1761372136280064, '开发配置', NULL, 1, '开发配置', 0, 0),(1761436113047552, '元数据', 'list.html?config=sysMappingColumn', 1, '开发配置', 1761372136280064, 1),(1761470934159360, '角色管理', 'list.html?config=sysRole', 1, '开发配置', 1761372136280064, 2),(1761472921210880, '权限-组', 'list.html?config=sysGroup', 1, '开发配置', 1761372136280064, 6),(1761474624098304, '选项-配置', 'list.html?config=sysOption', 1, '开发配置', 1761372136280064, 7),(1761550440337408, '选项-SQL', 'list.html?config=sysOptionSql', 1, '开发配置', 1761372136280064, 8),(1761552512323584, '选项-引用', 'list.html?config=sysOptionRequest', 1, '开发配置', 1761372136280064, 9),(1761611274522624, '角色元数据-列', 'list.html?config=sysRoleColumn', 1, '开发配置', 1761372136280064, 4),(1761613690441728, '文件列表', 'list.html?config=sysFile', 1, '开发配置', 1761372136280064, 11),(1761615586267136, '用户列表', 'list.html?config=sysUsers', 1, '开发配置', 1761372136280064, 12),(1761720788848640, '用户日志', 'list.html?config=sysUsersLoginLog', 1, '开发配置', 1761372136280064, 13),(1761797041295360, '权限-基础', 'list.html?config=sysPermission', 1, '开发配置', 1761372136280064, 5),(1774098134863872, '角色元数据-表', 'list.html?config=sysRoleTable', 1, '开发配置', 1761372136280064, 3);
UNLOCK TABLES;
COMMIT;
BEGIN;
LOCK TABLES `frame`.`sys_role` WRITE;
DELETE FROM `frame`.`sys_role`;
INSERT INTO `frame`.`sys_role` (`sys_role_id`,`sys_role_name`,`sys_role_state`,`sys_role_time`) VALUES (462239296393216, '测试用户角色', 1, NULL);
UNLOCK TABLES;
COMMIT;
BEGIN;
LOCK TABLES `frame`.`sys_role_column` WRITE;
DELETE FROM `frame`.`sys_role_column`;
INSERT INTO `frame`.`sys_role_column` (`sys_role_column_id`,`sys_role_column_table`,`sys_role_column_name`,`sys_role_column_table_show`,`sys_role_column_query`,`sys_role_column_save`,`sys_role_column_update`,`sys_role_column_edit`,`sys_role_column_query_def`,`sys_role_column_query_symbol`,`sys_role_column_query_montage`,`sys_role_column_save_def`,`sys_role_column_update_def`,`sys_role_column_role`) VALUES (749804944625664, 749804941479936, 'sysFileId', 1, 1, 0, 0, 0, NULL, 1, 1, NULL, NULL, 462239296393216),(749804947771392, 749804941479936, 'sysFilePath', 1, 1, 1, 1, 1, NULL, 1, 1, NULL, NULL, 462239296393216),(749804947771393, 749804941479936, 'sysFileMd5', 1, 1, 1, 1, 1, NULL, 1, 1, NULL, NULL, 462239296393216),(749804947771394, 749804941479936, 'sysFileTime', 1, 0, 1, 1, 1, NULL, 1, 1, NULL, NULL, 462239296393216),(749804947771395, 749804941479936, 'sysFileType', 1, 0, 1, 1, 1, NULL, 1, 1, NULL, NULL, 462239296393216),(749804948819969, 749804948819968, 'sysGroupId', 1, 0, 0, 0, 0, NULL, 1, 1, NULL, NULL, 462239296393216),(749804948819970, 749804948819968, 'sysGroupName', 1, 1, 1, 1, 1, NULL, 7, 1, NULL, NULL, 462239296393216),(749804948819971, 749804948819968, 'sysGroupType', 1, 0, 1, 1, 1, NULL, 1, 1, NULL, NULL, 462239296393216),(749804948819972, 749804948819968, 'sysGroupDesc', 1, 0, 1, 1, 1, NULL, 1, 1, NULL, NULL, 462239296393216),(749804948819973, 749804948819968, 'sysGroupSup', 1, 0, 1, 1, 1, NULL, 1, 1, NULL, NULL, 462239296393216),(749804949868545, 749804949868544, 'sysGroupPermissionId', 1, 0, 0, 0, 0, NULL, 1, 1, NULL, NULL, 462239296393216),(749804949868546, 749804949868544, 'sysGroupPermissionPid', 1, 1, 1, 1, 1, NULL, 1, 1, NULL, NULL, 462239296393216),(749804950917120, 749804949868544, 'sysGroupPermissionGid', 1, 1, 1, 1, 1, NULL, 1, 1, NULL, NULL, 462239296393216),(749804950917121, 749804949868544, 'sysGroupPermissionTime', 1, 0, 1, 1, 1, NULL, 1, 1, NULL, NULL, 462239296393216),(749804950917123, 749804950917122, 'sysLogId', 1, 0, 0, 0, 0, NULL, 1, 1, NULL, NULL, 462239296393216),(749804950917124, 749804950917122, 'sysLogTime', 1, 0, 1, 1, 1, NULL, 1, 1, NULL, NULL, 462239296393216),(749804950917125, 749804950917122, 'sysLogMs', 1, 1, 1, 1, 1, NULL, 1, 1, NULL, NULL, 462239296393216),(749804951965696, 749804950917122, 'sysLogSql', 1, 1, 1, 1, 1, NULL, 7, 1, NULL, NULL, 462239296393216),(749804951965698, 749804951965697, 'sysMappingColumnId', 1, 0, 0, 0, 0, NULL, 1, 1, NULL, NULL, 462239296393216),(749804951965699, 749804951965697, 'sysMappingColumnName', 1, 1, 1, 0, 0, NULL, 7, 1, NULL, NULL, 462239296393216),(749804953014272, 749804951965697, 'sysMappingColumnTitle', 1, 0, 1, 1, 1, NULL, 1, 1, NULL, NULL, 462239296393216),(749804953014273, 749804951965697, 'sysMappingColumnWidth', 1, 0, 1, 1, 1, NULL, 1, 1, NULL, NULL, 462239296393216),(749804953014275, 749804951965697, 'sysMappingColumnFile', 1, 0, 1, 1, 1, NULL, 1, 1, NULL, NULL, 462239296393216),(749804953014276, 749804951965697, 'sysMappingColumnImage', 1, 0, 1, 1, 1, NULL, 1, 1, NULL, NULL, 462239296393216),(749804954062848, 749804951965697, 'sysMappingColumnDate', 1, 0, 1, 1, 1, NULL, 1, 1, NULL, NULL, 462239296393216),(749804954062849, 749804951965697, 'sysMappingColumnNumber', 1, 0, 1, 1, 1, NULL, 1, 1, NULL, NULL, 462239296393216),(749804954062850, 749804951965697, 'sysMappingColumnText', 1, 0, 1, 1, 1, NULL, 1, 1, NULL, NULL, 462239296393216),(749804954062851, 749804951965697, 'sysMappingColumnTable', 1, 0, 1, 0, 0, NULL, 1, 1, NULL, NULL, 462239296393216),(749804955111424, 749804954062852, 'sysMappingTableId', 1, 0, 0, 0, 0, NULL, 1, 1, NULL, NULL, 462239296393216),(749804955111425, 749804954062852, 'sysMappingTableName', 1, 0, 1, 1, 1, NULL, 1, 1, NULL, NULL, 462239296393216),(749804955111426, 749804954062852, 'sysMappingTableTitle', 1, 0, 1, 1, 1, NULL, 1, 1, NULL, NULL, 462239296393216),(749804955111428, 749804955111427, 'sysOptionId', 1, 0, 0, 0, 0, NULL, 1, 1, NULL, NULL, 462239296393216),(749804956160000, 749804955111427, 'sysOptionKey', 1, 1, 1, 1, 1, NULL, 1, 1, NULL, NULL, 462239296393216),(749804956160001, 749804955111427, 'sysOptionTitle', 1, 1, 1, 1, 1, NULL, 1, 1, NULL, NULL, 462239296393216),(749804956160002, 749804955111427, 'sysOptionValue', 1, NULL, 1, 1, 1, NULL, 1, 1, NULL, NULL, 462239296393216),(749804956160003, 749804955111427, 'sysOptionState', 1, 0, 1, 1, 1, NULL, 1, 1, '1', NULL, 462239296393216),(749804957208576, 749804956160004, 'sysPermissionId', 1, 0, 0, 0, 0, NULL, 1, 1, NULL, NULL, 462239296393216),(749804957208577, 749804956160004, 'sysPermissionName', 1, 1, 1, 1, 1, NULL, 1, 1, NULL, NULL, 462239296393216),(749804957208578, 749804956160004, 'sysPermissionData', 1, 1, 1, 1, 1, NULL, 1, 1, NULL, NULL, 462239296393216),(749804958257152, 749804956160004, 'sysPermissionType', 1, 1, 1, 1, 1, NULL, 1, 1, NULL, NULL, 462239296393216),(749804958257153, 749804956160004, 'sysPermissionDesc', 1, 0, 1, 1, 1, NULL, 1, 1, NULL, NULL, 462239296393216),(749804958257154, 749804956160004, 'sysPermissionSup', 1, 1, 1, 1, 1, NULL, 1, 1, NULL, NULL, 462239296393216),(749804958257155, 749804956160004, 'sysPermissionSort', 1, 0, 1, 1, 1, NULL, 1, 1, NULL, NULL, 462239296393216),(749804959305729, 749804959305728, 'sysRoleId', 1, 0, 0, 0, 0, NULL, 1, 1, NULL, NULL, 462239296393216),(749804959305730, 749804959305728, 'sysRoleName', 1, 1, 1, 1, 1, NULL, 7, 1, NULL, NULL, 462239296393216),(749804960354304, 749804959305728, 'sysRoleState', 1, 0, 1, 1, 1, NULL, 1, 1, NULL, NULL, 462239296393216),(749804960354305, 749804959305728, 'sysRoleTime', 1, 0, 1, 1, 1, NULL, 1, 1, NULL, NULL, 462239296393216),(749804961402880, 749804960354306, 'sysRoleColumnId', 1, 0, 0, 0, 0, NULL, 1, 1, NULL, NULL, 462239296393216),(749804961402881, 749804960354306, 'sysRoleColumnTable', 1, 0, 1, 0, 0, NULL, 1, 1, NULL, NULL, 462239296393216),(749804961402882, 749804960354306, 'sysRoleColumnName', 1, 1, 1, 0, 0, NULL, 7, 1, NULL, NULL, 462239296393216),(749804961402883, 749804960354306, 'sysRoleColumnTableShow', 1, 0, 1, 1, 1, NULL, 1, 1, NULL, NULL, 462239296393216),(749804962451456, 749804960354306, 'sysRoleColumnQuery', 1, 0, 1, 1, 1, NULL, 1, 1, NULL, NULL, 462239296393216),(749804962451457, 749804960354306, 'sysRoleColumnSave', 1, 0, 1, 1, 1, NULL, 1, 1, NULL, NULL, 462239296393216),(749804962451458, 749804960354306, 'sysRoleColumnUpdate', 1, 0, 1, 1, 1, NULL, 1, 1, NULL, NULL, 462239296393216),(749804962451459, 749804960354306, 'sysRoleColumnEdit', 1, 0, 1, 1, 1, NULL, 1, 1, NULL, NULL, 462239296393216),(749804963500032, 749804960354306, 'sysRoleColumnQueryDef', 1, 0, 1, 1, 1, NULL, 1, 1, NULL, NULL, 462239296393216),(749804963500033, 749804960354306, 'sysRoleColumnQuerySymbol', 1, 0, 1, 1, 1, NULL, 1, 1, NULL, NULL, 462239296393216),(749804963500034, 749804960354306, 'sysRoleColumnQueryMontage', 1, 0, 1, 1, 1, NULL, 1, 1, NULL, NULL, 462239296393216),(749804963500035, 749804960354306, 'sysRoleColumnSaveDef', 1, 0, 1, 1, 1, NULL, 1, 1, NULL, NULL, 462239296393216),(749804963500036, 749804960354306, 'sysRoleColumnUpdateDef', 1, 0, 1, 1, 1, NULL, 1, 1, NULL, NULL, 462239296393216),(749804964548608, 749804960354306, 'sysRoleColumnRole', 1, 0, 1, 1, 1, NULL, 1, 1, NULL, NULL, 462239296393216),(749804964548610, 749804964548609, 'sysRoleGroupId', 1, 0, 0, 0, 0, NULL, 1, 1, NULL, NULL, 462239296393216),(749804965597184, 749804964548609, 'sysRoleGroupRid', 1, 0, 1, 1, 1, NULL, 1, 1, NULL, NULL, 462239296393216),(749804965597185, 749804964548609, 'sysRoleGroupGid', 1, 0, 1, 1, 1, NULL, 1, 1, NULL, NULL, 462239296393216),(749804965597187, 749804965597186, 'sysRoleTableId', 1, 0, 0, 0, 0, NULL, 1, 1, NULL, NULL, 462239296393216),(749804965597188, 749804965597186, 'sysRoleTableName', 1, 0, 1, 1, 1, NULL, 1, 1, NULL, NULL, 462239296393216),(749804966645760, 749804965597186, 'sysRoleTableSave', 1, 0, 1, 1, 1, NULL, 1, 1, NULL, NULL, 462239296393216),(749804966645761, 749804965597186, 'sysRoleTableQuery', 1, 0, 1, 1, 1, NULL, 1, 1, NULL, NULL, 462239296393216),(749804966645762, 749804965597186, 'sysRoleTableDelete', 1, 0, 1, 1, 1, NULL, 1, 1, NULL, NULL, 462239296393216),(749804966645763, 749804965597186, 'sysRoleTableUpdate', 1, 0, 1, 1, 1, NULL, 1, 1, NULL, NULL, 462239296393216),(749804966645764, 749804965597186, 'sysRoleTableDeleteSgin', 1, 0, 1, 1, 1, NULL, 1, 1, NULL, NULL, 462239296393216),(749804967694336, 749804965597186, 'sysRoleTableRole', 1, 0, 1, 1, 1, NULL, 1, 1, NULL, NULL, 462239296393216),(749804967694337, 749804965597186, 'sysRoleTableWidth', 1, 0, 1, 1, 1, NULL, 1, 1, NULL, NULL, 462239296393216),(749804967694339, 749804967694338, 'sysUsersId', 1, 0, 0, 0, 0, NULL, 1, 1, NULL, NULL, 462239296393216),(749804967694340, 749804967694338, 'sysUsersAcc', 1, 0, 1, 1, 1, NULL, 1, 1, NULL, NULL, 462239296393216),(749804968742912, 749804967694338, 'sysUsersPwd', 1, 0, 1, 1, 1, NULL, 1, 1, NULL, NULL, 462239296393216),(749804968742913, 749804967694338, 'sysUsersPhone', 1, 0, 1, 1, 1, NULL, 1, 1, NULL, NULL, 462239296393216),(749804968742914, 749804967694338, 'sysUsersOpenId', 1, 0, 1, 1, 1, NULL, 1, 1, NULL, NULL, 462239296393216),(749804968742915, 749804967694338, 'sysUsersStatus', 1, 0, 1, 1, 1, NULL, 1, 1, NULL, NULL, 462239296393216),(749804969791488, 749804967694338, 'sysUsersType', 1, 0, 1, 1, 1, NULL, 1, 1, NULL, NULL, 462239296393216),(749804969791489, 749804967694338, 'sysUsersRegTime', 1, 0, 1, 1, 1, NULL, 1, 1, NULL, NULL, 462239296393216),(749804969791490, 749804967694338, 'sysUsersStartTime', 1, 1, 1, 1, 1, NULL, 1, 1, NULL, NULL, 462239296393216),(749804970840064, 749804967694338, 'sysUsersEndTime', 1, 0, 1, 1, 1, NULL, 1, 1, NULL, NULL, 462239296393216),(749804970840065, 749804967694338, 'sysUsersPrice', 1, 0, 1, 1, 1, NULL, 1, 1, NULL, NULL, 462239296393216),(749804970840066, 749804967694338, 'sysUsersDesc', 1, 0, 1, 1, 1, NULL, 1, 1, NULL, NULL, 462239296393216),(749804970840067, 749804967694338, 'sysUsersSup', 1, 0, 1, 1, 1, NULL, 1, 1, NULL, NULL, 462239296393216),(749804970840068, 749804967694338, 'sysUsersMail', 1, 0, 1, 1, 1, NULL, 1, 1, NULL, NULL, 462239296393216),(749804971888640, 749804967694338, 'sysUsersRole', 1, 0, 1, 1, 1, NULL, 1, 1, NULL, NULL, 462239296393216),(749804971888642, 749804971888641, 'sysUsersLoginLogId', 1, 0, 1, 1, 1, NULL, 1, 1, NULL, NULL, 462239296393216),(749804971888643, 749804971888641, 'sysUsersLoginLogIp', 1, 0, 1, 1, 1, NULL, 1, 1, NULL, NULL, 462239296393216),(749804972937216, 749804971888641, 'sysUsersLoginLogDesc', 1, 0, 1, 1, 1, NULL, 1, 1, NULL, NULL, 462239296393216),(749804972937217, 749804971888641, 'sysUsersLoginLogTime', 1, 0, 1, 1, 1, NULL, 1, 1, NULL, NULL, 462239296393216),(749804972937218, 749804971888641, 'sysUsersLoginLogUid', 1, 0, 1, 1, 1, NULL, 1, 1, NULL, NULL, 462239296393216),(749804972937219, 749804971888641, 'sysUsersLoginLogToken', 1, 0, 1, 1, 1, NULL, 1, 1, NULL, NULL, 462239296393216),(749804973985792, 749804971888641, 'sysUsersLoginLogMac', 1, 0, 1, 1, 1, NULL, 1, 1, NULL, NULL, 462239296393216),(1046180751478784, 749804951965697, 'sysMappingColumnRequest', 1, 0, 1, 1, 1, NULL, 1, 1, NULL, NULL, 462239296393216),(1046180754624512, 749804951965697, 'sysMappingColumnOption', 1, 0, 1, 1, 1, NULL, 1, 1, NULL, NULL, 462239296393216),(1046180754624513, 749804951965697, 'sysMappingColumnSql', 1, 0, 1, 1, 1, NULL, 1, 1, NULL, NULL, 462239296393216),(1046180757770240, 1046180756721664, 'sysOptionRequestId', 1, 0, 1, 1, 1, NULL, 1, 1, NULL, NULL, 462239296393216),(1046180757770241, 1046180756721664, 'sysOptionRequestUrl', 1, 0, 1, 1, 1, NULL, 1, 1, NULL, NULL, 462239296393216),(1046180757770242, 1046180756721664, 'sysOptionRequestMet', 1, 0, 1, 1, 1, NULL, 1, 1, NULL, NULL, 462239296393216),(1046180757770243, 1046180756721664, 'sysOptionRequestData', 1, 0, 1, 1, 1, NULL, 1, 1, NULL, NULL, 462239296393216),(1046180757770244, 1046180756721664, 'sysOptionRequestTitleName', 1, 0, 1, 1, 1, NULL, 1, 1, NULL, NULL, 462239296393216),(1046180758818816, 1046180756721664, 'sysOptionRequestValName', 1, 0, 1, 1, 1, NULL, 1, 1, NULL, NULL, 462239296393216),(1046180758818817, 1046180756721664, 'sysOptionRequestSearchUrl', 1, 0, 1, 1, 1, NULL, 1, 1, NULL, NULL, 462239296393216),(1046180758818818, 1046180756721664, 'sysOptionRequestSearchMet', 1, 0, 1, 1, 1, NULL, 1, 1, NULL, NULL, 462239296393216),(1046180759867392, 1046180756721664, 'sysOptionRequestSearchData', 1, 0, 1, 1, 1, NULL, 1, 1, NULL, NULL, 462239296393216),(1046180759867393, 1046180756721664, 'sysOptionRequestSearchTitleName', 1, 1, 1, 1, 1, NULL, 1, 1, NULL, NULL, 462239296393216),(1046180759867394, 1046180756721664, 'sysOptionRequestSearchValName', 1, 1, 1, 1, 1, NULL, 1, 1, NULL, NULL, 462239296393216),(1046180760915968, 1046180759867395, 'sysOptionSqlId', 1, 0, 1, 1, 1, NULL, 1, 1, NULL, NULL, 462239296393216),(1046180760915969, 1046180759867395, 'sysOptionSqlSql', 1, 0, 1, 1, 1, NULL, 1, 1, NULL, NULL, 462239296393216),(1046180760915970, 1046180759867395, 'sysOptionSqlTitleName', 1, 1, 1, 1, 1, NULL, 1, 1, NULL, NULL, 462239296393216),(1046180761964544, 1046180759867395, 'sysOptionSqlValName', 1, 1, 1, 1, 1, NULL, 1, 1, NULL, NULL, 462239296393216),(1093440181899264, 1046180756721664, 'sysOptionRequestKey', 1, 1, 1, 1, 1, NULL, 1, 1, NULL, NULL, 462239296393216),(1093440186093568, 1046180759867395, 'sysOptionSqlKey', 1, 1, 1, 1, 1, NULL, 1, 1, NULL, NULL, 462239296393216),(8633634401554432, 8633634397360128, 'id', 1, 0, 1, 1, 1, NULL, 1, 1, NULL, NULL, 462239296393216),(8633634404700160, 8633634397360128, 'randomNumber', 1, 0, 1, 1, 1, NULL, 1, 1, NULL, NULL, 462239296393216);
UNLOCK TABLES;
COMMIT;
BEGIN;
LOCK TABLES `frame`.`sys_role_group` WRITE;
DELETE FROM `frame`.`sys_role_group`;
INSERT INTO `frame`.`sys_role_group` (`sys_role_group_id`,`sys_role_group_rid`,`sys_role_group_gid`) VALUES (1761196696932352, 462239296393216, 1);
UNLOCK TABLES;
COMMIT;
BEGIN;
LOCK TABLES `frame`.`sys_role_table` WRITE;
DELETE FROM `frame`.`sys_role_table`;
INSERT INTO `frame`.`sys_role_table` (`sys_role_table_id`,`sys_role_table_name`,`sys_role_table_save`,`sys_role_table_query`,`sys_role_table_delete`,`sys_role_table_update`,`sys_role_table_delete_sgin`,`sys_role_table_role`,`sys_role_table_width`) VALUES (749804941479936, 'sysFile', 1, 1, 1, 1, 1, 462239296393216, 150),(749804948819968, 'sysGroup', 1, 1, 1, 1, 1, 462239296393216, 200),(749804949868544, 'sysGroupPermission', 1, 1, 1, 1, 1, 462239296393216, 150),(749804950917122, 'sysLog', 1, 1, 1, 1, 1, 462239296393216, 150),(749804951965697, 'sysMappingColumn', 1, 1, 1, 1, 1, 462239296393216, 150),(749804954062852, 'sysMappingTable', 1, 1, 1, 1, 1, 462239296393216, 150),(749804955111427, 'sysOption', 1, 1, 1, 1, 1, 462239296393216, 150),(749804956160004, 'sysPermission', 1, 1, 1, 1, 1, 462239296393216, 150),(749804959305728, 'sysRole', 1, 1, 1, 1, 1, 462239296393216, 150),(749804960354306, 'sysRoleColumn', 1, 1, 1, 1, 1, 462239296393216, 150),(749804964548609, 'sysRoleGroup', 1, 1, 1, 1, 1, 462239296393216, 150),(749804965597186, 'sysRoleTable', 1, 1, 1, 1, 1, 462239296393216, 150),(749804967694338, 'sysUsers', 1, 1, 1, 1, 1, 462239296393216, 150),(749804971888641, 'sysUsersLoginLog', 1, 1, 1, 1, 1, 462239296393216, 150),(1046180756721664, 'sysOptionRequest', 1, 1, 1, 1, 1, 462239296393216, 150),(1046180759867395, 'sysOptionSql', 1, 1, 1, 1, 1, 462239296393216, 150);
UNLOCK TABLES;
COMMIT;
BEGIN;
LOCK TABLES `frame`.`sys_users` WRITE;
DELETE FROM `frame`.`sys_users`;
INSERT INTO `frame`.`sys_users` (`sys_users_id`,`sys_users_acc`,`sys_users_pwd`,`sys_users_phone`,`sys_users_open_id`,`sys_users_status`,`sys_users_type`,`sys_users_reg_time`,`sys_users_start_time`,`sys_users_end_time`,`sys_users_price`,`sys_users_desc`,`sys_users_sup`,`sys_users_mail`,`sys_users_role`) VALUES (1, 'admin', 'admin', '', '', 1, 4, '2025-05-22 00:00:00', '2025-05-22 02:16:12', '2025-05-22 02:15:48', 0, '', 0, '', 462239296393216);
UNLOCK TABLES;
COMMIT;
BEGIN;
LOCK TABLES `frame`.`sys_users_login_log` WRITE;
DELETE FROM `frame`.`sys_users_login_log`;
INSERT INTO `frame`.`sys_users_login_log` (`sys_users_login_log_id`,`sys_users_login_log_ip`,`sys_users_login_log_desc`,`sys_users_login_log_time`,`sys_users_login_log_uid`,`sys_users_login_log_token`,`sys_users_login_log_mac`) VALUES (2404853196263424, '127.0.0.1', '用户创建', '2025-11-01 00:03:37', 2404853009616896, '2404853018005504LF25V1sXkWGYzEiz', NULL),(2233719722086400, '127.0.0.1', '用户创建', '2025-10-30 02:43:32', 2233719463088128, '2233719473573888WZBcU9kNQJ5DnRND', NULL),(2232833177292800, '127.0.0.1', '用户创建', '2025-10-30 02:29:26', 2232832916197376, '2232832924585984bMGPpQ8a7ibnP4Td', NULL),(2231341663916032, '127.0.0.1', '用户创建', '2025-10-30 02:05:44', 2231341424840704, '2231341434277888eyBSTuIDoiWmp93u', NULL);
UNLOCK TABLES;
COMMIT;
BEGIN;
LOCK TABLES `frame`.`world` WRITE;
DELETE FROM `frame`.`world`;
INSERT INTO `frame`.`world` (`id`,`randomNumber`) VALUES (1, 4263),(2, 4157),(3, 7995),(4, 7506),(5, 3544),(6, 5202),(7, 5381),(8, 1298),(9, 350),(10, 7853),(11, 8216),(12, 7522),(13, 2962),(14, 2247),(15, 2346),(16, 4992),(17, 7920),(18, 4628),(19, 9378),(20, 3006),(21, 6895),(22, 5460),(23, 6615),(24, 6696),(25, 3635),(26, 8090),(27, 9542),(28, 3442),(29, 8583),(30, 2591),(31, 7207),(32, 8263),(33, 9692),(34, 3674),(35, 9295),(36, 5452),(37, 9377),(38, 530),(39, 4519),(40, 1004),(41, 1462),(42, 4302),(43, 7122),(44, 2705),(45, 2160),(46, 2683),(47, 6938),(48, 6641),(49, 2391),(50, 2033),(51, 2993),(52, 8864),(53, 5345),(54, 131),(55, 4622),(56, 2716),(57, 9716),(58, 433),(59, 3017),(60, 3785),(61, 9876),(62, 8024),(63, 495),(64, 8402),(65, 524),(66, 7414),(67, 5501),(68, 5263),(69, 9811),(70, 3265),(71, 6896),(72, 4685),(73, 2739),(74, 9638),(75, 9974),(76, 956),(77, 4857),(78, 1419),(79, 2524),(80, 8366),(81, 4257),(82, 6186),(83, 8161),(84, 2246),(85, 6747),(86, 7000),(87, 4756),(88, 2784),(89, 9651),(90, 9904),(91, 567),(92, 3122),(93, 3913),(94, 196),(95, 9244),(96, 5634),(97, 436),(98, 5277),(99, 5081),(100, 9573),(101, 2624),(102, 4401),(103, 4133),(104, 7461),(105, 4907),(106, 2153),(107, 6044),(108, 3761),(109, 672),(110, 2079),(111, 8379),(112, 5657),(113, 3148),(114, 8772),(115, 4418),(116, 5771),(117, 5602),(118, 696),(119, 6676),(120, 1293),(121, 6439),(122, 8314),(123, 2256),(124, 6338),(125, 4922),(126, 5597),(127, 3218),(128, 9301),(129, 6851),(130, 6352),(131, 1207),(132, 6980),(133, 1280),(134, 5459),(135, 3456),(136, 902),(137, 4142),(138, 8007),(139, 7609),(140, 4023),(141, 7290),(142, 4380),(143, 33),(144, 7024),(145, 5021),(146, 4032),(147, 5100),(148, 3403),(149, 1717),(150, 8375),(151, 6727),(152, 8509),(153, 2365),(154, 6300),(155, 4403),(156, 3116),(157, 2371),(158, 2509),(159, 5432),(160, 9632),(161, 1864),(162, 427),(163, 6541),(164, 1426),(165, 7506),(166, 3255),(167, 3755),(168, 9011),(169, 3789),(170, 1913),(171, 8201),(172, 5266),(173, 1725),(174, 2828),(175, 8966),(176, 6348),(177, 4841),(178, 5163),(179, 1291),(180, 968),(181, 968),(182, 1938),(183, 6783),(184, 8103),(185, 168),(186, 6529),(187, 2144),(188, 1131),(189, 9225),(190, 2733),(191, 5991),(192, 1757),(193, 811),(194, 8785),(195, 1492),(196, 1104),(197, 1045),(198, 1914),(199, 6434),(200, 6428),(201, 2839),(202, 4913),(203, 6049),(204, 5504),(205, 9374),(206, 359),(207, 3675),(208, 7297),(209, 5463),(210, 5422),(211, 724),(212, 7351),(213, 4586),(214, 878),(215, 633),(216, 530),(217, 750),(218, 2164),(219, 8568),(220, 6349),(221, 6043),(222, 1168),(223, 7712),(224, 5056),(225, 2146),(226, 5560),(227, 1364),(228, 141),(229, 6611),(230, 2634),(231, 3339),(232, 8792),(233, 3946),(234, 3351),(235, 4920),(236, 4545),(237, 7965),(238, 6191),(239, 7059),(240, 6725),(241, 2449),(242, 2070),(243, 3001),(244, 8799),(245, 4991),(246, 8559),(247, 7823),(248, 3438),(249, 3723),(250, 8299),(251, 328),(252, 6745),(253, 2741),(254, 3469),(255, 9122),(256, 5206),(257, 8663),(258, 7696),(259, 2493),(260, 9375),(261, 9399),(262, 8871),(263, 6156),(264, 4169),(265, 2379),(266, 9385),(267, 9791),(268, 802),(269, 4634),(270, 767),(271, 9931),(272, 7357),(273, 6991),(274, 2887),(275, 3460),(276, 8640),(277, 2820),(278, 8181),(279, 2445),(280, 7681),(281, 1071),(282, 2313),(283, 8352),(284, 4822),(285, 9054),(286, 805),(287, 6863),(288, 1899),(289, 8907),(290, 8839),(291, 7476),(292, 862),(293, 1882),(294, 6827),(295, 8489),(296, 1962),(297, 4345),(298, 5840),(299, 6163),(300, 3297),(301, 7997),(302, 92),(303, 6472),(304, 2084),(305, 1005),(306, 8773),(307, 852),(308, 7941),(309, 7150),(310, 1925),(311, 8178),(312, 5113),(313, 1034),(314, 9832),(315, 6057),(316, 791),(317, 5785),(318, 6553),(319, 5408),(320, 7381),(321, 681),(322, 1262),(323, 4270),(324, 7565),(325, 5013),(326, 2370),(327, 6812),(328, 6950),(329, 4315),(330, 726),(331, 685),(332, 1249),(333, 4189),(334, 7199),(335, 3430),(336, 5553),(337, 7473),(338, 709),(339, 1127),(340, 3510),(341, 4166),(342, 304),(343, 9019),(344, 4185),(345, 3869),(346, 6788),(347, 2335),(348, 1311),(349, 9552),(350, 3829),(351, 486),(352, 945),(353, 3265),(354, 3493),(355, 7671),(356, 7876),(357, 6368),(358, 8210),(359, 1950),(360, 5118),(361, 9742),(362, 3356),(363, 7556),(364, 7713),(365, 5896),(366, 6343),(367, 4027),(368, 1105),(369, 3447),(370, 3920),(371, 9257),(372, 4529),(373, 4871),(374, 770),(375, 9238),(376, 3880),(377, 1689),(378, 6802),(379, 8945),(380, 4319),(381, 4761),(382, 847),(383, 9955),(384, 7233),(385, 6301),(386, 9807),(387, 132),(388, 1239),(389, 5798),(390, 5277),(391, 8989),(392, 9116),(393, 8613),(394, 5718),(395, 2753),(396, 6609),(397, 4785),(398, 4102),(399, 6152),(400, 8457),(401, 3827),(402, 3765),(403, 7344),(404, 5426),(405, 5099),(406, 9216),(407, 786),(408, 6283),(409, 9056),(410, 6432),(411, 4990),(412, 5658),(413, 3320),(414, 9626),(415, 8172),(416, 1982),(417, 5393),(418, 1019),(419, 8916),(420, 1525),(421, 876),(422, 9805),(423, 6397),(424, 2571),(425, 3663),(426, 605),(427, 2034),(428, 8355),(429, 5674),(430, 3304),(431, 9499),(432, 7584),(433, 9425),(434, 4374),(435, 3593),(436, 4846),(437, 3449),(438, 2711),(439, 3205),(440, 7892),(441, 9848),(442, 5562),(443, 8267),(444, 4652),(445, 8458),(446, 8334),(447, 6299),(448, 6490),(449, 3554),(450, 8303),(451, 852),(452, 9354),(453, 4211),(454, 2996),(455, 2345),(456, 2738),(457, 6657),(458, 5071),(459, 5386),(460, 1718),(461, 2433),(462, 7011),(463, 7756),(464, 7746),(465, 5461),(466, 4071),(467, 3973),(468, 7652),(469, 6341),(470, 8751),(471, 4732),(472, 7409),(473, 2849),(474, 2019),(475, 1550),(476, 1690),(477, 3802),(478, 3939),(479, 8289),(480, 9631),(481, 3286),(482, 7541),(483, 7844),(484, 6599),(485, 9463),(486, 7521),(487, 9213),(488, 3505),(489, 9885),(490, 8911),(491, 4902),(492, 7775),(493, 4172),(494, 7535),(495, 5159),(496, 3189),(497, 472),(498, 2790),(499, 2538),(500, 4318),(501, 3977),(502, 6934),(503, 2736),(504, 2879),(505, 6186),(506, 2295),(507, 2915),(508, 7694),(509, 9723),(510, 5533),(511, 8496),(512, 5884),(513, 3933),(514, 2011),(515, 8259),(516, 5263),(517, 1535),(518, 1890),(519, 4845),(520, 8556),(521, 8243),(522, 5548),(523, 3014),(524, 8424),(525, 3081),(526, 133),(527, 1423),(528, 6716),(529, 9310),(530, 6405),(531, 4092),(532, 1249),(533, 3967),(534, 6089),(535, 8543),(536, 4451),(537, 6623),(538, 9766),(539, 8962),(540, 5510),(541, 666),(542, 6801),(543, 2005),(544, 9626),(545, 2112),(546, 1684),(547, 2084),(548, 5369),(549, 592),(550, 6855),(551, 2499),(552, 1930),(553, 2153),(554, 4977),(555, 8427),(556, 7204),(557, 739),(558, 2083),(559, 8201),(560, 4755),(561, 9171),(562, 1590),(563, 438),(564, 7421),(565, 5792),(566, 6697),(567, 6110),(568, 460),(569, 3968),(570, 8464),(571, 415),(572, 6681),(573, 2164),(574, 777),(575, 7393),(576, 4636),(577, 1001),(578, 1098),(579, 2487),(580, 9141),(581, 8245),(582, 3800),(583, 4269),(584, 9945),(585, 6916),(586, 4749),(587, 2995),(588, 728),(589, 4654),(590, 1089),(591, 1484),(592, 4153),(593, 6314),(594, 9113),(595, 6621),(596, 5767),(597, 8972),(598, 7558),(599, 876),(600, 1705),(601, 5900),(602, 4383),(603, 4218),(604, 7942),(605, 7054),(606, 1447),(607, 6071),(608, 6015),(609, 1863),(610, 1271),(611, 764),(612, 10),(613, 7758),(614, 8760),(615, 527),(616, 6356),(617, 199),(618, 1930),(619, 9050),(620, 9460),(621, 154),(622, 2388),(623, 1478),(624, 226),(625, 6698),(626, 2813),(627, 3971),(628, 1416),(629, 5167),(630, 1586),(631, 2432),(632, 7400),(633, 9705),(634, 6325),(635, 2511),(636, 3580),(637, 370),(638, 1108),(639, 4429),(640, 8825),(641, 836),(642, 7708),(643, 6031),(644, 7033),(645, 7070),(646, 4251),(647, 46),(648, 7476),(649, 7243),(650, 3789),(651, 7216),(652, 4712),(653, 1915),(654, 5439),(655, 1448),(656, 927),(657, 289),(658, 8666),(659, 2461),(660, 6309),(661, 4161),(662, 1878),(663, 6908),(664, 8909),(665, 3820),(666, 2372),(667, 401),(668, 4890),(669, 3247),(670, 1565),(671, 8085),(672, 5730),(673, 4394),(674, 4782),(675, 729),(676, 9297),(677, 4301),(678, 3615),(679, 5170),(680, 5005),(681, 9518),(682, 2576),(683, 4325),(684, 3897),(685, 6512),(686, 869),(687, 4809),(688, 1441),(689, 2776),(690, 9560),(691, 9472),(692, 8679),(693, 4980),(694, 8863),(695, 9376),(696, 290),(697, 3323),(698, 5744),(699, 8755),(700, 6540),(701, 6437),(702, 2564),(703, 3511),(704, 9863),(705, 8784),(706, 4331),(707, 5305),(708, 3531),(709, 1742),(710, 8119),(711, 5366),(712, 2473),(713, 6270),(714, 3933),(715, 852),(716, 2463),(717, 9760),(718, 1412),(719, 7782),(720, 4671),(721, 11),(722, 6042),(723, 179),(724, 2767),(725, 3300),(726, 8199),(727, 1096),(728, 885),(729, 1137),(730, 3031),(731, 1744),(732, 9627),(733, 2903),(734, 5635),(735, 9467),(736, 428),(737, 3743),(738, 7429),(739, 5916),(740, 7295),(741, 8727),(742, 1752),(743, 2580),(744, 7646),(745, 487),(746, 9498),(747, 6029),(748, 1653),(749, 178),(750, 5933),(751, 9130),(752, 7850),(753, 1862),(754, 5760),(755, 3214),(756, 8793),(757, 4320),(758, 5225),(759, 3162),(760, 139),(761, 1207),(762, 5617),(763, 4467),(764, 5482),(765, 4011),(766, 3608),(767, 6009),(768, 9219),(769, 8071),(770, 2696),(771, 9270),(772, 8261),(773, 3494),(774, 2690),(775, 2967),(776, 6768),(777, 4937),(778, 4381),(779, 7097),(780, 2342),(781, 418),(782, 5067),(783, 4080),(784, 5199),(785, 3755),(786, 3180),(787, 4635),(788, 3637),(789, 4281),(790, 494),(791, 9626),(792, 6648),(793, 4365),(794, 1881),(795, 6312),(796, 5917),(797, 648),(798, 5490),(799, 5505),(800, 1055),(801, 8763),(802, 650),(803, 6960),(804, 2851),(805, 3375),(806, 8323),(807, 1488),(808, 2475),(809, 7909),(810, 2123),(811, 6886),(812, 8062),(813, 9652),(814, 4075),(815, 1421),(816, 4881),(817, 141),(818, 6064),(819, 9896),(820, 1289),(821, 6757),(822, 9920),(823, 9328),(824, 6883),(825, 6430),(826, 1499),(827, 8209),(828, 6548),(829, 8112),(830, 917),(831, 248),(832, 8492),(833, 1718),(834, 3111),(835, 404),(836, 2685),(837, 2214),(838, 3015),(839, 8434),(840, 3125),(841, 323),(842, 2243),(843, 245),(844, 4496),(845, 1745),(846, 5238),(847, 956),(848, 9066),(849, 2464),(850, 5121),(851, 8212),(852, 5698),(853, 3854),(854, 2177),(855, 9326),(856, 97),(857, 2508),(858, 2248),(859, 3716),(860, 1837),(861, 8037),(862, 4675),(863, 9266),(864, 2303),(865, 3718),(866, 1683),(867, 7260),(868, 1252),(869, 4482),(870, 8654),(871, 9824),(872, 3157),(873, 6314),(874, 2101),(875, 1561),(876, 1505),(877, 2840),(878, 9687),(879, 9917),(880, 524),(881, 2871),(882, 2781),(883, 5295),(884, 8129),(885, 4763),(886, 9428),(887, 2852),(888, 5977),(889, 1327),(890, 8705),(891, 9544),(892, 1605),(893, 9393),(894, 2151),(895, 2575),(896, 6425),(897, 4398),(898, 2718),(899, 394),(900, 3819),(901, 7912),(902, 8106),(903, 6793),(904, 9646),(905, 7852),(906, 321),(907, 8053),(908, 9299),(909, 2339),(910, 3799),(911, 1977),(912, 8490),(913, 6517),(914, 7119),(915, 6041),(916, 8849),(917, 6124),(918, 4072),(919, 1989),(920, 7731),(921, 2690),(922, 254),(923, 3203),(924, 5252),(925, 6651),(926, 7499),(927, 7542),(928, 5215),(929, 3451),(930, 1608),(931, 7689),(932, 3623),(933, 5046),(934, 4364),(935, 6683),(936, 320),(937, 1554),(938, 6810),(939, 9390),(940, 6520),(941, 4430),(942, 2590),(943, 9660),(944, 529),(945, 3668),(946, 6752),(947, 2759),(948, 3539),(949, 9418),(950, 6473),(951, 4110),(952, 1132),(953, 3332),(954, 3262),(955, 6316),(956, 1793),(957, 18),(958, 4712),(959, 3505),(960, 3391),(961, 6438),(962, 2020),(963, 785),(964, 7868),(965, 6985),(966, 1320),(967, 5646),(968, 4270),(969, 4414),(970, 9262),(971, 3066),(972, 7544),(973, 8525),(974, 9992),(975, 4385),(976, 1952),(977, 6602),(978, 7157),(979, 5977),(980, 8417),(981, 4154),(982, 5521),(983, 5142),(984, 9147),(985, 309),(986, 4106),(987, 9603),(988, 5698),(989, 9683),(990, 1319),(991, 7549),(992, 3787),(993, 6289),(994, 83),(995, 1549),(996, 7498),(997, 2841),(998, 1714),(999, 49),(1000, 5100),(1001, 5353),(1002, 1469),(1003, 1283),(1004, 2011),(1005, 6206),(1006, 4997),(1007, 6370),(1008, 6857),(1009, 5176),(1010, 5310),(1011, 1023),(1012, 9184),(1013, 2850),(1014, 6701),(1015, 4955),(1016, 4672),(1017, 8497),(1018, 8467),(1019, 6845),(1020, 8825),(1021, 3590),(1022, 1474),(1023, 6603),(1024, 8592),(1025, 3154),(1026, 9992),(1027, 498),(1028, 2515),(1029, 1082),(1030, 7864),(1031, 6075),(1032, 6783),(1033, 5690),(1034, 8103),(1035, 3446),(1036, 2922),(1037, 4271),(1038, 2591),(1039, 141),(1040, 2934),(1041, 4246),(1042, 2430),(1043, 9413),(1044, 9774),(1045, 630),(1046, 3831),(1047, 7266),(1048, 4837),(1049, 2389),(1050, 7432),(1051, 9994),(1052, 7675),(1053, 8394),(1054, 8946),(1055, 9547),(1056, 896),(1057, 5842),(1058, 6523),(1059, 5088),(1060, 5874),(1061, 4105),(1062, 2903),(1063, 2200),(1064, 2294),(1065, 4870),(1066, 7466),(1067, 2722),(1068, 1213),(1069, 7897),(1070, 5848),(1071, 5551),(1072, 211),(1073, 4404),(1074, 1386),(1075, 3717),(1076, 4429),(1077, 993),(1078, 1681),(1079, 5426),(1080, 2085),(1081, 4149),(1082, 4492),(1083, 12),(1084, 6586),(1085, 2894),(1086, 4713),(1087, 4881),(1088, 270),(1089, 6704),(1090, 2712),(1091, 3448),(1092, 9103),(1093, 5174),(1094, 8560),(1095, 7277),(1096, 708),(1097, 1707),(1098, 6413),(1099, 6943),(1100, 5476),(1101, 6553),(1102, 6336),(1103, 2023),(1104, 1106),(1105, 9463),(1106, 3999),(1107, 1605),(1108, 6029),(1109, 5331),(1110, 8568),(1111, 6849),(1112, 8540),(1113, 2153),(1114, 5145),(1115, 9269),(1116, 910),(1117, 6742),(1118, 982),(1119, 4686),(1120, 481),(1121, 8349),(1122, 303),(1123, 6468),(1124, 1433),(1125, 7759),(1126, 4497),(1127, 9208),(1128, 2549),(1129, 5121),(1130, 7960),(1131, 4435),(1132, 8298),(1133, 8185),(1134, 6032),(1135, 5604),(1136, 9924),(1137, 2808),(1138, 4270),(1139, 2925),(1140, 1817),(1141, 310),(1142, 6098),(1143, 9561),(1144, 9510),(1145, 8869),(1146, 5816),(1147, 2471),(1148, 4911),(1149, 7140),(1150, 969),(1151, 3427),(1152, 4227),(1153, 853),(1154, 1585),(1155, 5365),(1156, 2074),(1157, 4272),(1158, 5140),(1159, 2886),(1160, 9010),(1161, 6391),(1162, 4926),(1163, 5456),(1164, 2504),(1165, 6150),(1166, 3241),(1167, 7756),(1168, 9057),(1169, 2015),(1170, 2908),(1171, 8492),(1172, 3739),(1173, 3220),(1174, 4884),(1175, 4758),(1176, 9139),(1177, 1420),(1178, 9684),(1179, 4163),(1180, 1762),(1181, 6322),(1182, 6323),(1183, 2649),(1184, 4279),(1185, 3447),(1186, 4401),(1187, 1661),(1188, 5103),(1189, 533),(1190, 7358),(1191, 5192),(1192, 3886),(1193, 3854),(1194, 7612),(1195, 6501),(1196, 9666),(1197, 8828),(1198, 5145),(1199, 9241),(1200, 771),(1201, 6130),(1202, 8340),(1203, 3308),(1204, 1521),(1205, 7680),(1206, 3840),(1207, 6161),(1208, 9287),(1209, 7949),(1210, 1885),(1211, 5577),(1212, 2233),(1213, 4434),(1214, 5470),(1215, 4051),(1216, 3845),(1217, 7070),(1218, 3817),(1219, 7875),(1220, 7925),(1221, 5999),(1222, 6222),(1223, 3112),(1224, 6897),(1225, 5148),(1226, 5050),(1227, 9805),(1228, 3876),(1229, 9964),(1230, 8193),(1231, 1074),(1232, 789),(1233, 727),(1234, 1268),(1235, 4160),(1236, 6997),(1237, 2506),(1238, 1540),(1239, 183),(1240, 6296),(1241, 933),(1242, 5774),(1243, 6071),(1244, 3034),(1245, 6960),(1246, 5696),(1247, 7602),(1248, 924),(1249, 1813),(1250, 6292),(1251, 6022),(1252, 1233),(1253, 8100),(1254, 6803),(1255, 9715),(1256, 8167),(1257, 1692),(1258, 3957),(1259, 4712),(1260, 1689),(1261, 4307),(1262, 6471),(1263, 9436),(1264, 7765),(1265, 519),(1266, 9299),(1267, 4937),(1268, 6791),(1269, 9145),(1270, 5352),(1271, 9323),(1272, 562),(1273, 4839),(1274, 2512),(1275, 8044),(1276, 2685),(1277, 9292),(1278, 8406),(1279, 4153),(1280, 5548),(1281, 5281),(1282, 9763),(1283, 2973),(1284, 5575),(1285, 8955),(1286, 8053),(1287, 3400),(1288, 2843),(1289, 4016),(1290, 1551),(1291, 5708),(1292, 3885),(1293, 2303),(1294, 9861),(1295, 2397),(1296, 2401),(1297, 4816),(1298, 6877),(1299, 9935),(1300, 9048),(1301, 5434),(1302, 27),(1303, 3833),(1304, 9087),(1305, 3934),(1306, 2408),(1307, 241),(1308, 3979),(1309, 9174),(1310, 3932),(1311, 2139),(1312, 8901),(1313, 8089),(1314, 3742),(1315, 4443),(1316, 990),(1317, 1621),(1318, 5134),(1319, 809),(1320, 8643),(1321, 789),(1322, 8018),(1323, 7721),(1324, 4551),(1325, 9592),(1326, 4311),(1327, 2776),(1328, 950),(1329, 6422),(1330, 9261),(1331, 7039),(1332, 7413),(1333, 5948),(1334, 7503),(1335, 9669),(1336, 5839),(1337, 186),(1338, 3414),(1339, 6512),(1340, 2318),(1341, 2056),(1342, 3327),(1343, 469),(1344, 2363),(1345, 407),(1346, 4947),(1347, 3515),(1348, 2736),(1349, 3133),(1350, 7458),(1351, 7891),(1352, 7083),(1353, 1741),(1354, 7459),(1355, 2070),(1356, 7976),(1357, 3669),(1358, 4416),(1359, 1077),(1360, 2134),(1361, 7441),(1362, 805),(1363, 1701),(1364, 6089),(1365, 5344),(1366, 8454),(1367, 6237),(1368, 5824),(1369, 411),(1370, 4583),(1371, 1682),(1372, 4660),(1373, 8256),(1374, 7299),(1375, 1730),(1376, 6751),(1377, 8565),(1378, 2574),(1379, 7174),(1380, 8148),(1381, 9221),(1382, 1660),(1383, 639),(1384, 8216),(1385, 9161),(1386, 1157),(1387, 8304),(1388, 8050),(1389, 5337),(1390, 2537),(1391, 6674),(1392, 5758),(1393, 8768),(1394, 6569),(1395, 6539),(1396, 2988),(1397, 5324),(1398, 7657),(1399, 2313),(1400, 8593),(1401, 6026),(1402, 4354),(1403, 3693),(1404, 5402),(1405, 5933),(1406, 3459),(1407, 9495),(1408, 7100),(1409, 7015),(1410, 3775),(1411, 7829),(1412, 7821),(1413, 5621),(1414, 4641),(1415, 6342),(1416, 7787),(1417, 9911),(1418, 6194),(1419, 1237),(1420, 7604),(1421, 4310),(1422, 8740),(1423, 769),(1424, 7625),(1425, 5819),(1426, 6221),(1427, 3650),(1428, 9586),(1429, 6982),(1430, 6153),(1431, 9820),(1432, 642),(1433, 3751),(1434, 6827),(1435, 2884),(1436, 3938),(1437, 1038),(1438, 3376),(1439, 3765),(1440, 8701),(1441, 2208),(1442, 4940),(1443, 8077),(1444, 5565),(1445, 3594),(1446, 1276),(1447, 5600),(1448, 4172),(1449, 4058),(1450, 7775),(1451, 6703),(1452, 191),(1453, 845),(1454, 3654),(1455, 5735),(1456, 7713),(1457, 1362),(1458, 3669),(1459, 4261),(1460, 297),(1461, 8702),(1462, 2621),(1463, 7001),(1464, 7142),(1465, 4706),(1466, 2104),(1467, 6403),(1468, 5706),(1469, 9318),(1470, 9476),(1471, 9424),(1472, 8695),(1473, 5201),(1474, 9922),(1475, 4009),(1476, 277),(1477, 9361),(1478, 5974),(1479, 1789),(1480, 1020),(1481, 9736),(1482, 5621),(1483, 8897),(1484, 7622),(1485, 1419),(1486, 4228),(1487, 6886),(1488, 1744),(1489, 8065),(1490, 5092),(1491, 1264),(1492, 1047),(1493, 1443),(1494, 4073),(1495, 6037),(1496, 7966),(1497, 1720),(1498, 4703),(1499, 8357),(1500, 7675),(1501, 3304),(1502, 3495),(1503, 7563),(1504, 7333),(1505, 3974),(1506, 7872),(1507, 7439),(1508, 3579),(1509, 5581),(1510, 7165),(1511, 9085),(1512, 3929),(1513, 2393),(1514, 176),(1515, 3702),(1516, 7985),(1517, 8816),(1518, 128),(1519, 4190),(1520, 569),(1521, 275),(1522, 9669),(1523, 7521),(1524, 8596),(1525, 418),(1526, 6302),(1527, 257),(1528, 2380),(1529, 1129),(1530, 8507),(1531, 9145),(1532, 208),(1533, 3605),(1534, 7402),(1535, 6193),(1536, 8761),(1537, 5228),(1538, 9856),(1539, 3595),(1540, 8407),(1541, 1254),(1542, 1047),(1543, 1472),(1544, 4223),(1545, 6698),(1546, 820),(1547, 4006),(1548, 7571),(1549, 5837),(1550, 6472),(1551, 4850),(1552, 4835),(1553, 9624),(1554, 3617),(1555, 9211),(1556, 5208),(1557, 8406),(1558, 6405),(1559, 6810),(1560, 4834),(1561, 3743),(1562, 4212),(1563, 9830),(1564, 6517),(1565, 3096),(1566, 5929),(1567, 358),(1568, 4002),(1569, 8936),(1570, 2674),(1571, 6564),(1572, 4797),(1573, 4296),(1574, 7089),(1575, 2558),(1576, 1523),(1577, 9943),(1578, 5147),(1579, 5905),(1580, 4085),(1581, 2711),(1582, 1301),(1583, 8373),(1584, 7962),(1585, 4689),(1586, 9562),(1587, 3744),(1588, 32),(1589, 8929),(1590, 4549),(1591, 5959),(1592, 6151),(1593, 2876),(1594, 5926),(1595, 1005),(1596, 7246),(1597, 3215),(1598, 4339),(1599, 2049),(1600, 7230),(1601, 1),(1602, 8318),(1603, 1587),(1604, 2980),(1605, 140),(1606, 1762),(1607, 8390),(1608, 6666),(1609, 8161),(1610, 805),(1611, 9544),(1612, 5307),(1613, 7902),(1614, 3590),(1615, 4245),(1616, 454),(1617, 9534),(1618, 6312),(1619, 2956),(1620, 5843),(1621, 350),(1622, 4221),(1623, 55),(1624, 7612),(1625, 7897),(1626, 6649),(1627, 9553),(1628, 7820),(1629, 440),(1630, 8742),(1631, 2389),(1632, 5722),(1633, 1442),(1634, 45),(1635, 5900),(1636, 9367),(1637, 9132),(1638, 7561),(1639, 410),(1640, 9366),(1641, 5601),(1642, 9906),(1643, 2729),(1644, 3927),(1645, 1447),(1646, 5456),(1647, 2940),(1648, 8332),(1649, 2840),(1650, 9205),(1651, 7506),(1652, 9916),(1653, 7062),(1654, 5562),(1655, 6623),(1656, 6432),(1657, 2292),(1658, 2164),(1659, 3944),(1660, 3227),(1661, 4302),(1662, 1833),(1663, 6260),(1664, 5802),(1665, 228),(1666, 3734),(1667, 7989),(1668, 8744),(1669, 9751),(1670, 2523),(1671, 3364),(1672, 9253),(1673, 6170),(1674, 3095),(1675, 6964),(1676, 5534),(1677, 6780),(1678, 7296),(1679, 6144),(1680, 8831),(1681, 5723),(1682, 2122),(1683, 3441),(1684, 840),(1685, 3877),(1686, 6864),(1687, 2692),(1688, 2868),(1689, 6264),(1690, 2717),(1691, 4795),(1692, 5825),(1693, 4740),(1694, 6225),(1695, 6907),(1696, 5861),(1697, 8585),(1698, 5339),(1699, 944),(1700, 8701),(1701, 674),(1702, 7266),(1703, 4310),(1704, 9750),(1705, 5824),(1706, 9868),(1707, 1867),(1708, 9735),(1709, 3073),(1710, 6161),(1711, 1585),(1712, 9443),(1713, 2461),(1714, 3976),(1715, 2498),(1716, 562),(1717, 5316),(1718, 4896),(1719, 8530),(1720, 7966),(1721, 4237),(1722, 7290),(1723, 3738),(1724, 6823),(1725, 2900),(1726, 4034),(1727, 1467),(1728, 5235),(1729, 1774),(1730, 3164),(1731, 501),(1732, 3011),(1733, 3554),(1734, 8736),(1735, 3019),(1736, 8886),(1737, 5375),(1738, 218),(1739, 4965),(1740, 4172),(1741, 5965),(1742, 7309),(1743, 8652),(1744, 1331),(1745, 700),(1746, 9507),(1747, 5434),(1748, 8652),(1749, 6956),(1750, 8828),(1751, 3270),(1752, 9869),(1753, 9534),(1754, 8062),(1755, 1710),(1756, 4363),(1757, 6688),(1758, 350),(1759, 1688),(1760, 7388),(1761, 1878),(1762, 7227),(1763, 502),(1764, 828),(1765, 2635),(1766, 692),(1767, 5557),(1768, 5708),(1769, 1869),(1770, 2221),(1771, 5500),(1772, 835),(1773, 7676),(1774, 5878),(1775, 6359),(1776, 4163),(1777, 1739),(1778, 6205),(1779, 5811),(1780, 441),(1781, 4772),(1782, 2538),(1783, 8375),(1784, 4262),(1785, 6184),(1786, 8135),(1787, 2123),(1788, 6212),(1789, 4689),(1790, 4811),(1791, 9987),(1792, 5501),(1793, 7548),(1794, 1235),(1795, 3531),(1796, 3951),(1797, 9164),(1798, 3967),(1799, 2342),(1800, 9810),(1801, 2025),(1802, 695),(1803, 7400),(1804, 4914),(1805, 2372),(1806, 7117),(1807, 8470),(1808, 998),(1809, 9583),(1810, 4923),(1811, 5863),(1812, 4549),(1813, 5155),(1814, 2130),(1815, 5187),(1816, 9543),(1817, 2155),(1818, 2148),(1819, 4276),(1820, 4936),(1821, 1850),(1822, 4445),(1823, 6675),(1824, 42),(1825, 185),(1826, 801),(1827, 3450),(1828, 4845),(1829, 3878),(1830, 4856),(1831, 2645),(1832, 8657),(1833, 5353),(1834, 792),(1835, 7904),(1836, 7143),(1837, 2002),(1838, 8583),(1839, 6910),(1840, 8799),(1841, 3267),(1842, 9937),(1843, 9887),(1844, 9625),(1845, 8462),(1846, 3435),(1847, 1791),(1848, 8650),(1849, 7876),(1850, 3433),(1851, 3539),(1852, 7393),(1853, 6349),(1854, 9567),(1855, 8790),(1856, 5247),(1857, 9865),(1858, 3585),(1859, 8332),(1860, 904),(1861, 9527),(1862, 4922),(1863, 6032),(1864, 5392),(1865, 8863),(1866, 8142),(1867, 4121),(1868, 6178),(1869, 8529),(1870, 4111),(1871, 4970),(1872, 2514),(1873, 7664),(1874, 778),(1875, 896),(1876, 2147),(1877, 8050),(1878, 3808),(1879, 4891),(1880, 3029),(1881, 475),(1882, 3290),(1883, 5022),(1884, 5243),(1885, 1149),(1886, 17),(1887, 6638),(1888, 3142),(1889, 5793),(1890, 9541),(1891, 327),(1892, 3010),(1893, 4073),(1894, 1333),(1895, 4446),(1896, 8233),(1897, 7826),(1898, 4430),(1899, 8674),(1900, 82),(1901, 4390),(1902, 1701),(1903, 5337),(1904, 1580),(1905, 1892),(1906, 4720),(1907, 7925),(1908, 5465),(1909, 3550),(1910, 1357),(1911, 6133),(1912, 6596),(1913, 4580),(1914, 3115),(1915, 1836),(1916, 9833),(1917, 3660),(1918, 8800),(1919, 3022),(1920, 8709),(1921, 4480),(1922, 6273),(1923, 7926),(1924, 810),(1925, 272),(1926, 8932),(1927, 3843),(1928, 2419),(1929, 567),(1930, 5578),(1931, 6190),(1932, 4216),(1933, 2510),(1934, 9901),(1935, 1979),(1936, 191),(1937, 5020),(1938, 4525),(1939, 7569),(1940, 4267),(1941, 8629),(1942, 345),(1943, 5836),(1944, 8149),(1945, 3237),(1946, 1739),(1947, 8985),(1948, 9709),(1949, 1591),(1950, 8827),(1951, 9364),(1952, 338),(1953, 3598),(1954, 6979),(1955, 4101),(1956, 9568),(1957, 5537),(1958, 8982),(1959, 8299),(1960, 4552),(1961, 7861),(1962, 5648),(1963, 4661),(1964, 6359),(1965, 7814),(1966, 9992),(1967, 6521),(1968, 2628),(1969, 3576),(1970, 9997),(1971, 9259),(1972, 6305),(1973, 3746),(1974, 9817),(1975, 7849),(1976, 9794),(1977, 5421),(1978, 7725),(1979, 2362),(1980, 8637),(1981, 6098),(1982, 4582),(1983, 4614),(1984, 9323),(1985, 2777),(1986, 5916),(1987, 1248),(1988, 8492),(1989, 8718),(1990, 8116),(1991, 4423),(1992, 7770),(1993, 5579),(1994, 4587),(1995, 6197),(1996, 7227),(1997, 7542),(1998, 6032),(1999, 7532),(2000, 9564),(2001, 5225),(2002, 7432),(2003, 1488),(2004, 5144),(2005, 1257),(2006, 855),(2007, 501),(2008, 9944),(2009, 8215),(2010, 1243),(2011, 1571),(2012, 4128),(2013, 5927),(2014, 7250),(2015, 8472),(2016, 611),(2017, 7638),(2018, 6359),(2019, 8882),(2020, 5332),(2021, 15),(2022, 4082),(2023, 362),(2024, 9565),(2025, 6738),(2026, 4999),(2027, 4780),(2028, 8902),(2029, 171),(2030, 4150),(2031, 236),(2032, 8733),(2033, 2958),(2034, 8588),(2035, 4070),(2036, 4584),(2037, 712),(2038, 9810),(2039, 6914),(2040, 5139),(2041, 4953),(2042, 9348),(2043, 1882),(2044, 1365),(2045, 1181),(2046, 1811),(2047, 5513),(2048, 2134),(2049, 4128),(2050, 4242),(2051, 8823),(2052, 1392),(2053, 491),(2054, 8280),(2055, 9927),(2056, 4797),(2057, 4204),(2058, 6630),(2059, 537),(2060, 2795),(2061, 2364),(2062, 3435),(2063, 86),(2064, 126),(2065, 370),(2066, 1474),(2067, 6262),(2068, 6888),(2069, 5653),(2070, 7601),(2071, 1049),(2072, 2441),(2073, 9057),(2074, 7965),(2075, 2653),(2076, 9372),(2077, 8900),(2078, 6385),(2079, 5227),(2080, 6981),(2081, 9223),(2082, 5173),(2083, 8197),(2084, 5465),(2085, 2734),(2086, 7277),(2087, 8182),(2088, 9081),(2089, 857),(2090, 7045),(2091, 2653),(2092, 2131),(2093, 2696),(2094, 7089),(2095, 7355),(2096, 5511),(2097, 5490),(2098, 916),(2099, 8111),(2100, 7807),(2101, 4705),(2102, 102),(2103, 6395),(2104, 1670),(2105, 9167),(2106, 825),(2107, 6622),(2108, 638),(2109, 3324),(2110, 4706),(2111, 3557),(2112, 3670),(2113, 7679),(2114, 7387),(2115, 3897),(2116, 7323),(2117, 4926),(2118, 2663),(2119, 8536),(2120, 4690),(2121, 7844),(2122, 5150),(2123, 2220),(2124, 5649),(2125, 1587),(2126, 989),(2127, 184),(2128, 7955),(2129, 9224),(2130, 2253),(2131, 3594),(2132, 1212),(2133, 5278),(2134, 2756),(2135, 7944),(2136, 1453),(2137, 3432),(2138, 2804),(2139, 3724),(2140, 207),(2141, 9866),(2142, 8709),(2143, 3948),(2144, 3614),(2145, 6225),(2146, 286),(2147, 2754),(2148, 2912),(2149, 6298),(2150, 2756),(2151, 4886),(2152, 6162),(2153, 6155),(2154, 2286),(2155, 2968),(2156, 7983),(2157, 1012),(2158, 1109),(2159, 2512),(2160, 9232),(2161, 8623),(2162, 5422),(2163, 1242),(2164, 9943),(2165, 5988),(2166, 114),(2167, 2606),(2168, 2690),(2169, 5633),(2170, 95),(2171, 3574),(2172, 7586),(2173, 7211),(2174, 3296),(2175, 4849),(2176, 4357),(2177, 7239),(2178, 3122),(2179, 3897),(2180, 117),(2181, 8893),(2182, 4117),(2183, 3905),(2184, 7175),(2185, 4162),(2186, 9286),(2187, 3945),(2188, 1865),(2189, 7490),(2190, 1855),(2191, 6807),(2192, 8470),(2193, 1929),(2194, 4235),(2195, 5388),(2196, 4235),(2197, 5011),(2198, 2353),(2199, 6732),(2200, 6602),(2201, 2813),(2202, 4260),(2203, 2863),(2204, 1532),(2205, 9075),(2206, 779),(2207, 6671),(2208, 1017),(2209, 5074),(2210, 2321),(2211, 6380),(2212, 4941),(2213, 5563),(2214, 2995),(2215, 8286),(2216, 2446),(2217, 7373),(2218, 9526),(2219, 5511),(2220, 8977),(2221, 8354),(2222, 4839),(2223, 9135),(2224, 1160),(2225, 8392),(2226, 8482),(2227, 7235),(2228, 727),(2229, 1933),(2230, 7482),(2231, 1613),(2232, 5620),(2233, 3262),(2234, 9449),(2235, 7459),(2236, 8950),(2237, 2375),(2238, 5024),(2239, 7995),(2240, 4902),(2241, 526),(2242, 7925),(2243, 8049),(2244, 6469),(2245, 8199),(2246, 1587),(2247, 3338),(2248, 1932),(2249, 9644),(2250, 2426),(2251, 3198),(2252, 8715),(2253, 3978),(2254, 3746),(2255, 6797),(2256, 2749),(2257, 3353),(2258, 8520),(2259, 2539),(2260, 7136),(2261, 8063),(2262, 8909),(2263, 358),(2264, 5061),(2265, 4232),(2266, 5978),(2267, 7194),(2268, 8036),(2269, 8599),(2270, 8886),(2271, 8635),(2272, 6516),(2273, 6678),(2274, 3842),(2275, 9176),(2276, 4355),(2277, 4246),(2278, 8166),(2279, 8095),(2280, 5974),(2281, 5587),(2282, 11),(2283, 3298),(2284, 6455),(2285, 2383),(2286, 2549),(2287, 5597),(2288, 339),(2289, 4906),(2290, 3514),(2291, 2852),(2292, 3716),(2293, 26),(2294, 8982),(2295, 4835),(2296, 7227),(2297, 1632),(2298, 6478),(2299, 7495),(2300, 8041),(2301, 7719),(2302, 4475),(2303, 9218),(2304, 2666),(2305, 5678),(2306, 389),(2307, 4913),(2308, 3398),(2309, 2251),(2310, 1060),(2311, 8549),(2312, 9566),(2313, 2182),(2314, 2211),(2315, 4513),(2316, 5931),(2317, 6115),(2318, 2785),(2319, 5578),(2320, 9536),(2321, 947),(2322, 6129),(2323, 7805),(2324, 639),(2325, 9779),(2326, 6977),(2327, 5550),(2328, 6818),(2329, 7443),(2330, 6759),(2331, 1469),(2332, 7066),(2333, 926),(2334, 3431),(2335, 4380),(2336, 1604),(2337, 4883),(2338, 9604),(2339, 3370),(2340, 8037),(2341, 77),(2342, 6272),(2343, 1132),(2344, 6846),(2345, 831),(2346, 3621),(2347, 5611),(2348, 7194),(2349, 9136),(2350, 4099),(2351, 3087),(2352, 3139),(2353, 6434),(2354, 2754),(2355, 4466),(2356, 4071),(2357, 6957),(2358, 2573),(2359, 1995),(2360, 2257),(2361, 5298),(2362, 9722),(2363, 2715),(2364, 4411),(2365, 3912),(2366, 6325),(2367, 9891),(2368, 480),(2369, 2728),(2370, 2202),(2371, 2823),(2372, 7512),(2373, 9090),(2374, 2917),(2375, 7314),(2376, 7820),(2377, 7157),(2378, 2324),(2379, 153),(2380, 3793),(2381, 8504),(2382, 1144),(2383, 207),(2384, 7604),(2385, 7401),(2386, 4191),(2387, 8753),(2388, 1193),(2389, 9706),(2390, 4950),(2391, 5635),(2392, 3327),(2393, 9727),(2394, 8655),(2395, 4094),(2396, 4506),(2397, 248),(2398, 7722),(2399, 7869),(2400, 6177),(2401, 7280),(2402, 7867),(2403, 7498),(2404, 3890),(2405, 6956),(2406, 3112),(2407, 4693),(2408, 4127),(2409, 6558),(2410, 408),(2411, 2368),(2412, 618),(2413, 5984),(2414, 8066),(2415, 2377),(2416, 7690),(2417, 1321),(2418, 3532),(2419, 3700),(2420, 7906),(2421, 8427),(2422, 8420),(2423, 6820),(2424, 8839),(2425, 3736),(2426, 2162),(2427, 9605),(2428, 1540),(2429, 8887),(2430, 9812),(2431, 2399),(2432, 2560),(2433, 5605),(2434, 345),(2435, 4909),(2436, 3513),(2437, 2838),(2438, 3650),(2439, 9738),(2440, 7738),(2441, 9479),(2442, 4181),(2443, 2467),(2444, 9794),(2445, 1567),(2446, 8456),(2447, 7579),(2448, 2526),(2449, 9895),(2450, 1897),(2451, 9802),(2452, 3320),(2453, 7193),(2454, 6005),(2455, 8448),(2456, 4225),(2457, 5780),(2458, 6225),(2459, 3788),(2460, 265),(2461, 9962),(2462, 9014),(2463, 5186),(2464, 8890),(2465, 8890),(2466, 7779),(2467, 2229),(2468, 7806),(2469, 2346),(2470, 8312),(2471, 4522),(2472, 7676),(2473, 4814),(2474, 1044),(2475, 778),(2476, 758),(2477, 1455),(2478, 5003),(2479, 648),(2480, 8234),(2481, 9225),(2482, 1425),(2483, 9450),(2484, 2975),(2485, 6525),(2486, 3701),(2487, 8932),(2488, 3557),(2489, 990),(2490, 4279),(2491, 8428),(2492, 9300),(2493, 1217),(2494, 8186),(2495, 7280),(2496, 1842),(2497, 7370),(2498, 1326),(2499, 4519),(2500, 8619),(2501, 9538),(2502, 1835),(2503, 562),(2504, 7303),(2505, 4831),(2506, 2245),(2507, 6731),(2508, 6923),(2509, 4422),(2510, 1342),(2511, 3445),(2512, 3198),(2513, 5657),(2514, 8692),(2515, 6490),(2516, 6375),(2517, 2403),(2518, 2890),(2519, 7243),(2520, 7543),(2521, 5989),(2522, 7318),(2523, 8620),(2524, 1148),(2525, 9879),(2526, 5954),(2527, 132),(2528, 2800),(2529, 3603),(2530, 9616),(2531, 7270),(2532, 7501),(2533, 5699),(2534, 5993),(2535, 2867),(2536, 6355),(2537, 3177),(2538, 6820),(2539, 4567),(2540, 2379),(2541, 8192),(2542, 3825),(2543, 4549),(2544, 1271),(2545, 2708),(2546, 9728),(2547, 516),(2548, 3398),(2549, 5442),(2550, 7016),(2551, 8753),(2552, 2718),(2553, 7334),(2554, 8514),(2555, 567),(2556, 7297),(2557, 4782),(2558, 2022),(2559, 5762),(2560, 2746),(2561, 6444),(2562, 3981),(2563, 576),(2564, 937),(2565, 2957),(2566, 1975),(2567, 1006),(2568, 9105),(2569, 2509),(2570, 5229),(2571, 8619),(2572, 7409),(2573, 1186),(2574, 3706),(2575, 4970),(2576, 3733),(2577, 3754),(2578, 7575),(2579, 6610),(2580, 327),(2581, 1803),(2582, 8038),(2583, 4779),(2584, 9783),(2585, 4577),(2586, 3535),(2587, 3947),(2588, 9128),(2589, 3800),(2590, 1618),(2591, 6690),(2592, 8595),(2593, 2906),(2594, 8745),(2595, 5010),(2596, 8813),(2597, 9034),(2598, 8734),(2599, 6567),(2600, 6636),(2601, 3478),(2602, 7484),(2603, 6983),(2604, 2467),(2605, 1386),(2606, 9531),(2607, 3497),(2608, 8890),(2609, 3961),(2610, 3137),(2611, 3800),(2612, 9590),(2613, 6553),(2614, 3993),(2615, 308),(2616, 9563),(2617, 6888),(2618, 5753),(2619, 8101),(2620, 3249),(2621, 1941),(2622, 9957),(2623, 3962),(2624, 9942),(2625, 7825),(2626, 9300),(2627, 3022),(2628, 7214),(2629, 7002),(2630, 3371),(2631, 5850),(2632, 9135),(2633, 8126),(2634, 3227),(2635, 1755),(2636, 9094),(2637, 207),(2638, 3754),(2639, 8151),(2640, 9492),(2641, 3009),(2642, 6571),(2643, 3825),(2644, 9414),(2645, 5594),(2646, 9731),(2647, 1874),(2648, 176),(2649, 5259),(2650, 5769),(2651, 3068),(2652, 8031),(2653, 954),(2654, 676),(2655, 520),(2656, 570),(2657, 1292),(2658, 4750),(2659, 9875),(2660, 5126),(2661, 6007),(2662, 4656),(2663, 5260),(2664, 2334),(2665, 5887),(2666, 2436),(2667, 4519),(2668, 5289),(2669, 2889),(2670, 8575),(2671, 4212),(2672, 5334),(2673, 4034),(2674, 4170),(2675, 8746),(2676, 1220),(2677, 9865),(2678, 5665),(2679, 8730),(2680, 6656),(2681, 7091),(2682, 5486),(2683, 6158),(2684, 4331),(2685, 3182),(2686, 2920),(2687, 5051),(2688, 6498),(2689, 7336),(2690, 7185),(2691, 3920),(2692, 8043),(2693, 8456),(2694, 8150),(2695, 5384),(2696, 2470),(2697, 6199),(2698, 3586),(2699, 9332),(2700, 5902),(2701, 1516),(2702, 9875),(2703, 4826),(2704, 4508),(2705, 8062),(2706, 6785),(2707, 9741),(2708, 8352),(2709, 2534),(2710, 7617),(2711, 482),(2712, 9560),(2713, 6353),(2714, 3088),(2715, 6382),(2716, 2645),(2717, 4081),(2718, 2470),(2719, 109),(2720, 3135),(2721, 5346),(2722, 7327),(2723, 596),(2724, 1000),(2725, 3212),(2726, 3063),(2727, 5678),(2728, 9201),(2729, 8970),(2730, 7248),(2731, 9333),(2732, 4919),(2733, 6598),(2734, 8234),(2735, 1378),(2736, 2185),(2737, 6793),(2738, 7409),(2739, 6666),(2740, 1103),(2741, 5517),(2742, 4278),(2743, 4841),(2744, 1370),(2745, 2328),(2746, 7528),(2747, 659),(2748, 713),(2749, 1586),(2750, 5791),(2751, 4200),(2752, 3626),(2753, 5531),(2754, 6777),(2755, 7292),(2756, 6129),(2757, 8771),(2758, 5466),(2759, 1021),(2760, 8705),(2761, 464),(2762, 6205),(2763, 9634),(2764, 9557),(2765, 8881),(2766, 5735),(2767, 2032),(2768, 2957),(2769, 8689),(2770, 4572),(2771, 6796),(2772, 266),(2773, 940),(2774, 3902),(2775, 6692),(2776, 1754),(2777, 8694),(2778, 8209),(2779, 4964),(2780, 195),(2781, 6083),(2782, 9829),(2783, 899),(2784, 5007),(2785, 2337),(2786, 6664),(2787, 6312),(2788, 1568),(2789, 8905),(2790, 9819),(2791, 2382),(2792, 2455),(2793, 5129),(2794, 8278),(2795, 6005),(2796, 5191),(2797, 7941),(2798, 4133),(2799, 6842),(2800, 1811),(2801, 8530),(2802, 7219),(2803, 504),(2804, 865),(2805, 2813),(2806, 1470),(2807, 8911),(2808, 148),(2809, 4005),(2810, 9581),(2811, 5892),(2812, 718),(2813, 5914),(2814, 7418),(2815, 9346),(2816, 4477),(2817, 4346),(2818, 8300),(2819, 8463),(2820, 7416),(2821, 1693),(2822, 6215),(2823, 5997),(2824, 1342),(2825, 8719),(2826, 9568),(2827, 1686),(2828, 9724),(2829, 3566),(2830, 8655),(2831, 2578),(2832, 6924),(2833, 6889),(2834, 3673),(2835, 7700),(2836, 7481),(2837, 4304),(2838, 9076),(2839, 2471),(2840, 5126),(2841, 8219),(2842, 5715),(2843, 3919),(2844, 2453),(2845, 507),(2846, 5178),(2847, 4369),(2848, 6310),(2849, 8446),(2850, 3300),(2851, 1161),(2852, 5905),(2853, 6044),(2854, 2504),(2855, 4391),(2856, 4442),(2857, 9036),(2858, 1856),(2859, 2170),(2860, 5285),(2861, 9914),(2862, 3717),(2863, 8844),(2864, 3070),(2865, 8817),(2866, 4875),(2867, 7923),(2868, 4994),(2869, 1198),(2870, 1010),(2871, 1458),(2872, 4258),(2873, 6917),(2874, 1812),(2875, 8311),(2876, 6119),(2877, 5664),(2878, 9960),(2879, 2810),(2880, 4172),(2881, 2430),(2882, 9633),(2883, 876),(2884, 5480),(2885, 4772),(2886, 7422),(2887, 2795),(2888, 1711),(2889, 169),(2890, 5713),(2891, 8057),(2892, 3149),(2893, 1572),(2894, 8415),(2895, 7358),(2896, 1546),(2897, 5656),(2898, 3642),(2899, 1244),(2900, 5293),(2901, 2733),(2902, 7788),(2903, 743),(2904, 348),(2905, 9513),(2906, 6523),(2907, 4075),(2908, 805),(2909, 1801),(2910, 6589),(2911, 7546),(2912, 7960),(2913, 7164),(2914, 1940),(2915, 8207),(2916, 5218),(2917, 1470),(2918, 1694),(2919, 4063),(2920, 5231),(2921, 3967),(2922, 4144),(2923, 8820),(2924, 1667),(2925, 1874),(2926, 4371),(2927, 6233),(2928, 8052),(2929, 1561),(2930, 3648),(2931, 3560),(2932, 6857),(2933, 3604),(2934, 7451),(2935, 6441),(2936, 9853),(2937, 9941),(2938, 148),(2939, 920),(2940, 4153),(2941, 8005),(2942, 7568),(2943, 3826),(2944, 6426),(2945, 654),(2946, 3992),(2947, 7998),(2948, 8015),(2949, 6082),(2950, 6366),(2951, 3586),(2952, 8830),(2953, 3394),(2954, 480),(2955, 2218),(2956, 9649),(2957, 1593),(2958, 9018),(2959, 313),(2960, 4511),(2961, 1616),(2962, 4546),(2963, 7885),(2964, 5785),(2965, 5270),(2966, 8998),(2967, 9179),(2968, 8902),(2969, 6975),(2970, 8167),(2971, 9911),(2972, 5053),(2973, 5535),(2974, 2518),(2975, 5982),(2976, 2360),(2977, 3852),(2978, 2179),(2979, 9341),(2980, 171),(2981, 2829),(2982, 3634),(2983, 9682),(2984, 7507),(2985, 8492),(2986, 9940),(2987, 4225),(2988, 1306),(2989, 3856),(2990, 5362),(2991, 5243),(2992, 129),(2993, 4918),(2994, 4203),(2995, 6260),(2996, 8691),(2997, 4678),(2998, 7317),(2999, 2552),(3000, 808),(3001, 6386),(3002, 9506),(3003, 8372),(3004, 3342),(3005, 1596),(3006, 7955),(3007, 4985),(3008, 1063),(3009, 358),(3010, 8602),(3011, 1939),(3012, 3887),(3013, 3621),(3014, 6444),(3015, 1357),(3016, 7453),(3017, 3196),(3018, 3619),(3019, 8508),(3020, 1683),(3021, 2891),(3022, 9405),(3023, 8356),(3024, 3565),(3025, 2758),(3026, 3094),(3027, 7199),(3028, 6712),(3029, 1966),(3030, 9691),(3031, 2559),(3032, 3724),(3033, 943),(3034, 3543),(3035, 4887),(3036, 3805),(3037, 4364),(3038, 407),(3039, 8944),(3040, 3498),(3041, 658),(3042, 2798),(3043, 2017),(3044, 1690),(3045, 2399),(3046, 6925),(3047, 7430),(3048, 6377),(3049, 9593),(3050, 8836),(3051, 5401),(3052, 496),(3053, 6278),(3054, 9904),(3055, 684),(3056, 3709),(3057, 6493),(3058, 1339),(3059, 7215),(3060, 2060),(3061, 8657),(3062, 7104),(3063, 9550),(3064, 6440),(3065, 3549),(3066, 8425),(3067, 1479),(3068, 2121),(3069, 6167),(3070, 4474),(3071, 3868),(3072, 5919),(3073, 7993),(3074, 2210),(3075, 7068),(3076, 8714),(3077, 2364),(3078, 5677),(3079, 1297),(3080, 9452),(3081, 3369),(3082, 8490),(3083, 2344),(3084, 6249),(3085, 4213),(3086, 2318),(3087, 8950),(3088, 7800),(3089, 2150),(3090, 7348),(3091, 293),(3092, 9421),(3093, 6225),(3094, 2863),(3095, 5642),(3096, 9619),(3097, 1172),(3098, 7003),(3099, 1498),(3100, 6480),(3101, 7910),(3102, 109),(3103, 6814),(3104, 3744),(3105, 8281),(3106, 170),(3107, 6011),(3108, 9544),(3109, 9689),(3110, 9813),(3111, 9998),(3112, 550),(3113, 2760),(3114, 2148),(3115, 2460),(3116, 5856),(3117, 1902),(3118, 1944),(3119, 4013),(3120, 4234),(3121, 9133),(3122, 2961),(3123, 7408),(3124, 8157),(3125, 8560),(3126, 8333),(3127, 5983),(3128, 4915),(3129, 6629),(3130, 8400),(3131, 2113),(3132, 5365),(3133, 485),(3134, 6333),(3135, 210),(3136, 2052),(3137, 9630),(3138, 1995),(3139, 1086),(3140, 9445),(3141, 3967),(3142, 1500),(3143, 5602),(3144, 3509),(3145, 739),(3146, 3169),(3147, 3626),(3148, 8627),(3149, 2257),(3150, 5403),(3151, 247),(3152, 5025),(3153, 4386),(3154, 6854),(3155, 1112),(3156, 5000),(3157, 1664),(3158, 3321),(3159, 1613),(3160, 8102),(3161, 5671),(3162, 4050),(3163, 3236),(3164, 4034),(3165, 459),(3166, 195),(3167, 9600),(3168, 7414),(3169, 8272),(3170, 9119),(3171, 777),(3172, 6529),(3173, 316),(3174, 1993),(3175, 9018),(3176, 9109),(3177, 8494),(3178, 5141),(3179, 225),(3180, 5702),(3181, 7836),(3182, 2076),(3183, 6870),(3184, 8122),(3185, 1),(3186, 5639),(3187, 8195),(3188, 4056),(3189, 5696),(3190, 6315),(3191, 4484),(3192, 3479),(3193, 3942),(3194, 9273),(3195, 4539),(3196, 4876),(3197, 765),(3198, 9196),(3199, 3685),(3200, 839),(3201, 3139),(3202, 3178),(3203, 6473),(3204, 2833),(3205, 4745),(3206, 5228),(3207, 1904),(3208, 3836),(3209, 3469),(3210, 5839),(3211, 8789),(3212, 6428),(3213, 5774),(3214, 9587),(3215, 614),(3216, 4309),(3217, 9701),(3218, 5581),(3219, 8801),(3220, 7264),(3221, 9916),(3222, 7791),(3223, 9205),(3224, 2655),(3225, 5658),(3226, 326),(3227, 4655),(3228, 2298),(3229, 7527),(3230, 739),(3231, 1117),(3232, 3369),(3233, 3495),(3234, 7366),(3235, 6345),(3236, 9627),(3237, 9100),(3238, 6623),(3239, 5812),(3240, 9194),(3241, 8533),(3242, 5086),(3243, 9830),(3244, 3891),(3245, 9966),(3246, 8159),(3247, 896),(3248, 6),(3249, 7340),(3250, 6684),(3251, 1399),(3252, 6946),(3253, 532),(3254, 1821),(3255, 7510),(3256, 2090),(3257, 7918),(3258, 3322),(3259, 2856),(3260, 4313),(3261, 2998),(3262, 2051),(3263, 1260),(3264, 151),(3265, 6973),(3266, 4414),(3267, 1151),(3268, 2515),(3269, 9122),(3270, 8066),(3271, 2963),(3272, 616),(3273, 4193),(3274, 9118),(3275, 3011),(3276, 7703),(3277, 9481),(3278, 4298),(3279, 3048),(3280, 2344),(3281, 2576),(3282, 5849),(3283, 1519),(3284, 46),(3285, 5674),(3286, 8232),(3287, 4140),(3288, 6006),(3289, 7608),(3290, 24),(3291, 7297),(3292, 6411),(3293, 165),(3294, 1594),(3295, 7476),(3296, 2598),(3297, 564),(3298, 5027),(3299, 3442),(3300, 2131),(3301, 330),(3302, 5256),(3303, 5290),(3304, 681),(3305, 7538),(3306, 5648),(3307, 5625),(3308, 1182),(3309, 9034),(3310, 1625),(3311, 1022),(3312, 237),(3313, 8119),(3314, 9886),(3315, 5074),(3316, 5713),(3317, 3345),(3318, 9583),(3319, 7882),(3320, 662),(3321, 9665),(3322, 6339),(3323, 2702),(3324, 4494),(3325, 4363),(3326, 8334),(3327, 8580),(3328, 7901),(3329, 3765),(3330, 5120),(3331, 4307),(3332, 6176),(3333, 7960),(3334, 1272),(3335, 2480),(3336, 8586),(3337, 5488),(3338, 1682),(3339, 1946),(3340, 4686),(3341, 7590),(3342, 3895),(3343, 6706),(3344, 1845),(3345, 9108),(3346, 7),(3347, 2710),(3348, 3532),(3349, 9528),(3350, 7043),(3351, 6635),(3352, 2043),(3353, 314),(3354, 5439),(3355, 6255),(3356, 4957),(3357, 6020),(3358, 5231),(3359, 8097),(3360, 4790),(3361, 9662),(3362, 3938),(3363, 706),(3364, 1714),(3365, 6455),(3366, 7131),(3367, 6294),(3368, 75),(3369, 1493),(3370, 7242),(3371, 1730),(3372, 6923),(3373, 9428),(3374, 6371),(3375, 3573),(3376, 8749),(3377, 3030),(3378, 8902),(3379, 5419),(3380, 390),(3381, 5695),(3382, 7303),(3383, 9434),(3384, 5258),(3385, 7992),(3386, 4183),(3387, 6942),(3388, 2160),(3389, 9976),(3390, 3398),(3391, 7063),(3392, 5121),(3393, 4416),(3394, 6716),(3395, 336),(3396, 1531),(3397, 6646),(3398, 8637),(3399, 3249),(3400, 332),(3401, 1916),(3402, 8584),(3403, 7174),(3404, 117),(3405, 9066),(3406, 4977),(3407, 7690),(3408, 3519),(3409, 4525),(3410, 2067),(3411, 6761),(3412, 7605),(3413, 7741),(3414, 5892),(3415, 6236),(3416, 3506),(3417, 8821),(3418, 3588),(3419, 1477),(3420, 6621),(3421, 8673),(3422, 3506),(3423, 1508),(3424, 7026),(3425, 604),(3426, 1943),(3427, 7905),(3428, 3697),(3429, 4771),(3430, 2762),(3431, 9499),(3432, 9210),(3433, 7555),(3434, 143),(3435, 8050),(3436, 9825),(3437, 4972),(3438, 5385),(3439, 2009),(3440, 3893),(3441, 3438),(3442, 5510),(3443, 7235),(3444, 9649),(3445, 6539),(3446, 3749),(3447, 9128),(3448, 4395),(3449, 4590),(3450, 9764),(3451, 5051),(3452, 5964),(3453, 4666),(3454, 5438),(3455, 3196),(3456, 9663),(3457, 8729),(3458, 4657),(3459, 7098),(3460, 1519),(3461, 6301),(3462, 6950),(3463, 5847),(3464, 8386),(3465, 4388),(3466, 6785),(3467, 761),(3468, 3452),(3469, 4974),(3470, 4517),(3471, 7662),(3472, 4759),(3473, 812),(3474, 9784),(3475, 6481),(3476, 3057),(3477, 5841),(3478, 34),(3479, 2646),(3480, 3129),(3481, 7708),(3482, 9155),(3483, 2649),(3484, 5781),(3485, 959),(3486, 7454),(3487, 4392),(3488, 9599),(3489, 4819),(3490, 5300),(3491, 2044),(3492, 4319),(3493, 5465),(3494, 4368),(3495, 5445),(3496, 4124),(3497, 4282),(3498, 9042),(3499, 2361),(3500, 4682),(3501, 6329),(3502, 7596),(3503, 8997),(3504, 2195),(3505, 3986),(3506, 3344),(3507, 4763),(3508, 3784),(3509, 4632),(3510, 1809),(3511, 5147),(3512, 310),(3513, 6111),(3514, 9626),(3515, 9796),(3516, 104),(3517, 1132),(3518, 5348),(3519, 3345),(3520, 680),(3521, 3364),(3522, 4784),(3523, 3826),(3524, 4778),(3525, 2415),(3526, 7739),(3527, 1450),(3528, 4035),(3529, 5824),(3530, 7017),(3531, 7611),(3532, 7007),(3533, 2203),(3534, 9993),(3535, 3355),(3536, 6798),(3537, 3924),(3538, 9226),(3539, 4359),(3540, 4119),(3541, 7518),(3542, 5231),(3543, 3604),(3544, 2328),(3545, 827),(3546, 7151),(3547, 3277),(3548, 4932),(3549, 4831),(3550, 9358),(3551, 2298),(3552, 3416),(3553, 187),(3554, 687),(3555, 2877),(3556, 2322),(3557, 2980),(3558, 7936),(3559, 739),(3560, 9886),(3561, 7216),(3562, 6421),(3563, 458),(3564, 3026),(3565, 3756),(3566, 9704),(3567, 7254),(3568, 7156),(3569, 4021),(3570, 8638),(3571, 1125),(3572, 9714),(3573, 5195),(3574, 6833),(3575, 8580),(3576, 2400),(3577, 6261),(3578, 4106),(3579, 1747),(3580, 6420),(3581, 6858),(3582, 5029),(3583, 4573),(3584, 7778),(3585, 5170),(3586, 2517),(3587, 7076),(3588, 7828),(3589, 7915),(3590, 6089),(3591, 6700),(3592, 5236),(3593, 6081),(3594, 4695),(3595, 5232),(3596, 2077),(3597, 4690),(3598, 7221),(3599, 2032),(3600, 8500),(3601, 6406),(3602, 6528),(3603, 3423),(3604, 7532),(3605, 7391),(3606, 4359),(3607, 9621),(3608, 5029),(3609, 6285),(3610, 6336),(3611, 2827),(3612, 5129),(3613, 7164),(3614, 431),(3615, 666),(3616, 2036),(3617, 8183),(3618, 4807),(3619, 9488),(3620, 3020),(3621, 6636),(3622, 4120),(3623, 691),(3624, 1096),(3625, 3407),(3626, 3746),(3627, 8511),(3628, 1318),(3629, 1058),(3630, 1335),(3631, 3503),(3632, 3511),(3633, 7046),(3634, 4696),(3635, 2343),(3636, 7628),(3637, 1111),(3638, 2672),(3639, 29),(3640, 2129),(3641, 559),(3642, 6407),(3643, 360),(3644, 2579),(3645, 1815),(3646, 1338),(3647, 1247),(3648, 2220),(3649, 7359),(3650, 135),(3651, 8601),(3652, 2597),(3653, 7185),(3654, 8135),(3655, 9120),(3656, 1194),(3657, 8612),(3658, 9479),(3659, 1559),(3660, 9357),(3661, 2108),(3662, 2472),(3663, 6033),(3664, 2753),(3665, 5664),(3666, 62),(3667, 3319),(3668, 6411),(3669, 2097),(3670, 1251),(3671, 9967),(3672, 6080),(3673, 499),(3674, 4257),(3675, 9786),(3676, 6163),(3677, 1456),(3678, 8793),(3679, 9597),(3680, 1608),(3681, 9249),(3682, 1420),(3683, 9355),(3684, 2515),(3685, 4510),(3686, 5005),(3687, 1498),(3688, 2474),(3689, 7876),(3690, 1961),(3691, 6176),(3692, 4997),(3693, 6460),(3694, 7307),(3695, 7158),(3696, 3869),(3697, 7870),(3698, 7744),(3699, 5111),(3700, 2323),(3701, 6283),(3702, 4447),(3703, 3388),(3704, 3598),(3705, 7827),(3706, 8340),(3707, 8219),(3708, 6075),(3709, 5720),(3710, 376),(3711, 4720),(3712, 2470),(3713, 8194),(3714, 3559),(3715, 3213),(3716, 5387),(3717, 7300),(3718, 337),(3719, 9785),(3720, 7915),(3721, 221),(3722, 7361),(3723, 6142),(3724, 8629),(3725, 4717),(3726, 7697),(3727, 4338),(3728, 8599),(3729, 9980),(3730, 4103),(3731, 574),(3732, 564),(3733, 1099),(3734, 3802),(3735, 5714),(3736, 7163),(3737, 8673),(3738, 1880),(3739, 3378),(3740, 1253),(3741, 6130),(3742, 6894),(3743, 6079),(3744, 9715),(3745, 339),(3746, 2549),(3747, 1730),(3748, 1001),(3749, 9816),(3750, 6079),(3751, 945),(3752, 6488),(3753, 9607),(3754, 8573),(3755, 4044),(3756, 4500),(3757, 369),(3758, 8347),(3759, 627),(3760, 8093),(3761, 8585),(3762, 8649),(3763, 7488),(3764, 1494),(3765, 5007),(3766, 554),(3767, 7749),(3768, 7083),(3769, 2170),(3770, 9602),(3771, 1499),(3772, 8689),(3773, 8949),(3774, 8678),(3775, 6544),(3776, 6684),(3777, 3792),(3778, 8906),(3779, 3157),(3780, 9068),(3781, 5868),(3782, 2138),(3783, 3086),(3784, 9015),(3785, 5820),(3786, 2054),(3787, 2810),(3788, 7890),(3789, 1020),(3790, 1429),(3791, 4088),(3792, 6153),(3793, 8502),(3794, 4051),(3795, 4748),(3796, 1590),(3797, 3706),(3798, 3758),(3799, 7674),(3800, 7096),(3801, 2457),(3802, 1000),(3803, 7630),(3804, 5150),(3805, 2860),(3806, 8849),(3807, 5667),(3808, 1788),(3809, 1939),(3810, 4333),(3811, 5847),(3812, 6238),(3813, 3651),(3814, 9539),(3815, 6743),(3816, 5097),(3817, 5256),(3818, 991),(3819, 9188),(3820, 2967),(3821, 7272),(3822, 7460),(3823, 5485),(3824, 5046),(3825, 8776),(3826, 8742),(3827, 7382),(3828, 683),(3829, 1269),(3830, 4299),(3831, 7687),(3832, 5540),(3833, 4638),(3834, 6570),(3835, 8939),(3836, 4985),(3837, 8106),(3838, 5576),(3839, 3564),(3840, 1092),(3841, 4769),(3842, 568),(3843, 8535),(3844, 971),(3845, 9251),(3846, 3342),(3847, 8959),(3848, 4769),(3849, 6966),(3850, 526),(3851, 1732),(3852, 7082),(3853, 215),(3854, 9828),(3855, 8498),(3856, 3003),(3857, 9525),(3858, 8614),(3859, 4496),(3860, 6637),(3861, 9698),(3862, 8581),(3863, 3812),(3864, 3316),(3865, 5146),(3866, 5781),(3867, 3468),(3868, 0),(3869, 9593),(3870, 7967),(3871, 1058),(3872, 1390),(3873, 3777),(3874, 4712),(3875, 2232),(3876, 7026),(3877, 8433),(3878, 1086),(3879, 134),(3880, 7413),(3881, 6662),(3882, 1073),(3883, 5380),(3884, 3680),(3885, 2261),(3886, 263),(3887, 4536),(3888, 1892),(3889, 5849),(3890, 3572),(3891, 312),(3892, 846),(3893, 3294),(3894, 3932),(3895, 9777),(3896, 7091),(3897, 6123),(3898, 9344),(3899, 8350),(3900, 3720),(3901, 3549),(3902, 6588),(3903, 2292),(3904, 1698),(3905, 1613),(3906, 2974),(3907, 30),(3908, 1229),(3909, 6056),(3910, 6591),(3911, 4789),(3912, 4171),(3913, 6490),(3914, 9935),(3915, 208),(3916, 1234),(3917, 5547),(3918, 4035),(3919, 3533),(3920, 5559),(3921, 7200),(3922, 9321),(3923, 5006),(3924, 7069),(3925, 326),(3926, 422),(3927, 1135),(3928, 4408),(3929, 8636),(3930, 9956),(3931, 3872),(3932, 9495),(3933, 5857),(3934, 800),(3935, 6432),(3936, 9760),(3937, 9505),(3938, 8246),(3939, 2715),(3940, 8836),(3941, 6038),(3942, 3680),(3943, 286),(3944, 390),(3945, 1095),(3946, 4305),(3947, 8240),(3948, 8287),(3949, 6715),(3950, 8713),(3951, 3420),(3952, 962),(3953, 4553),(3954, 9878),(3955, 5730),(3956, 9018),(3957, 7898),(3958, 2439),(3959, 8501),(3960, 5186),(3961, 430),(3962, 6593),(3963, 1676),(3964, 8602),(3965, 7982),(3966, 4103),(3967, 6572),(3968, 550),(3969, 3037),(3970, 3532),(3971, 8551),(3972, 2161),(3973, 5151),(3974, 9274),(3975, 918),(3976, 6767),(3977, 1080),(3978, 5100),(3979, 2260),(3980, 6001),(3981, 3225),(3982, 8123),(3983, 942),(3984, 341),(3985, 8881),(3986, 3381),(3987, 261),(3988, 1163),(3989, 5033),(3990, 1676),(3991, 3280),(3992, 1372),(3993, 7024),(3994, 1002),(3995, 3938),(3996, 6684),(3997, 1608),(3998, 7986),(3999, 5108),(4000, 1583),(4001, 2591),(4002, 8205),(4003, 3252),(4004, 1647),(4005, 8478),(4006, 7450),(4007, 1816),(4008, 6731),(4009, 8209),(4010, 851),(4011, 9627),(4012, 5586),(4013, 9046),(4014, 8476),(4015, 5239),(4016, 770),(4017, 8134),(4018, 8358),(4019, 7391),(4020, 1881),(4021, 7231),(4022, 513),(4023, 875),(4024, 2834),(4025, 1544),(4026, 9220),(4027, 1470),(4028, 9689),(4029, 4035),(4030, 1109),(4031, 3443),(4032, 3885),(4033, 9100),(4034, 3843),(4035, 1915),(4036, 8047),(4037, 4490),(4038, 8310),(4039, 8080),(4040, 5473),(4041, 3123),(4042, 9197),(4043, 6618),(4044, 5497),(4045, 7632),(4046, 1670),(4047, 5455),(4048, 2264),(4049, 4955),(4050, 7985),(4051, 5062),(4052, 1355),(4053, 1589),(4054, 3880),(4055, 4636),(4056, 1537),(4057, 3778),(4058, 4281),(4059, 71),(4060, 7512),(4061, 7346),(4062, 4196),(4063, 8942),(4064, 2123),(4065, 3791),(4066, 2585),(4067, 1553),(4068, 9),(4069, 5389),(4070, 6917),(4071, 8418),(4072, 1340),(4073, 1446),(4074, 3209),(4075, 1710),(4076, 8923),(4077, 9485),(4078, 658),(4079, 4835),(4080, 2202),(4081, 6503),(4082, 5911),(4083, 48),(4084, 2508),(4085, 2395),(4086, 4450),(4087, 5066),(4088, 1981),(4089, 4708),(4090, 7598),(4091, 3864),(4092, 6528),(4093, 1048),(4094, 5655),(4095, 5135),(4096, 8707),(4097, 8133),(4098, 4545),(4099, 8327),(4100, 8000),(4101, 5020),(4102, 1099),(4103, 435),(4104, 8878),(4105, 3088),(4106, 8804),(4107, 4756),(4108, 7370),(4109, 2582),(4110, 799),(4111, 6250),(4112, 8854),(4113, 5522),(4114, 1047),(4115, 8669),(4116, 205),(4117, 5020),(4118, 4486),(4119, 7370),(4120, 3393),(4121, 4855),(4122, 4096),(4123, 5914),(4124, 7283),(4125, 8675),(4126, 1526),(4127, 1606),(4128, 3451),(4129, 2438),(4130, 1839),(4131, 1883),(4132, 3895),(4133, 3827),(4134, 7452),(4135, 5779),(4136, 6537),(4137, 5352),(4138, 7147),(4139, 9682),(4140, 6969),(4141, 5799),(4142, 8089),(4143, 3049),(4144, 976),(4145, 5735),(4146, 5749),(4147, 1541),(4148, 458),(4149, 7668),(4150, 6967),(4151, 1829),(4152, 8248),(4153, 5751),(4154, 4012),(4155, 2807),(4156, 1998),(4157, 1570),(4158, 1857),(4159, 4576),(4160, 7310),(4161, 2823),(4162, 2183),(4163, 2447),(4164, 5685),(4165, 1086),(4166, 8376),(4167, 8622),(4168, 7981),(4169, 4041),(4170, 6264),(4171, 9196),(4172, 7188),(4173, 8354),(4174, 208),(4175, 5977),(4176, 9260),(4177, 8370),(4178, 4069),(4179, 5239),(4180, 3986),(4181, 4215),(4182, 9118),(4183, 2944),(4184, 7368),(4185, 8010),(4186, 7944),(4187, 5690),(4188, 4618),(4189, 6021),(4190, 6250),(4191, 3191),(4192, 7203),(4193, 6443),(4194, 605),(4195, 3698),(4196, 6677),(4197, 2289),(4198, 1417),(4199, 219),(4200, 6845),(4201, 3567),(4202, 7300),(4203, 5799),(4204, 7096),(4205, 8083),(4206, 9126),(4207, 1382),(4208, 9535),(4209, 3527),(4210, 9033),(4211, 4581),(4212, 5810),(4213, 5305),(4214, 9098),(4215, 9575),(4216, 580),(4217, 4177),(4218, 9146),(4219, 3197),(4220, 8548),(4221, 3148),(4222, 99),(4223, 1053),(4224, 4966),(4225, 1671),(4226, 3460),(4227, 2286),(4228, 1051),(4229, 8396),(4230, 8830),(4231, 8963),(4232, 8324),(4233, 4733),(4234, 8694),(4235, 9271),(4236, 273),(4237, 3551),(4238, 6940),(4239, 4044),(4240, 9402),(4241, 4880),(4242, 6191),(4243, 6319),(4244, 3022),(4245, 6153),(4246, 1698),(4247, 32),(4248, 5065),(4249, 5233),(4250, 968),(4251, 9141),(4252, 2802),(4253, 6587),(4254, 4528),(4255, 2881),(4256, 822),(4257, 5465),(4258, 4863),(4259, 7919),(4260, 5006),(4261, 1274),(4262, 1351),(4263, 2936),(4264, 628),(4265, 4330),(4266, 9768),(4267, 5848),(4268, 9940),(4269, 2154),(4270, 951),(4271, 8294),(4272, 8618),(4273, 8209),(4274, 5190),(4275, 1324),(4276, 1052),(4277, 1285),(4278, 3273),(4279, 2510),(4280, 2730),(4281, 6121),(4282, 2417),(4283, 3723),(4284, 1364),(4285, 5652),(4286, 4167),(4287, 3878),(4288, 6893),(4289, 2829),(4290, 3465),(4291, 8842),(4292, 3814),(4293, 2543),(4294, 1276),(4295, 8751),(4296, 9928),(4297, 3386),(4298, 7148),(4299, 5581),(4300, 6460),(4301, 5560),(4302, 8419),(4303, 5418),(4304, 1831),(4305, 2904),(4306, 9028),(4307, 6426),(4308, 5048),(4309, 5962),(4310, 4665),(4311, 5441),(4312, 3210),(4313, 9728),(4314, 9010),(4315, 5867),(4316, 2305),(4317, 3925),(4318, 2712),(4319, 1785),(4320, 791),(4321, 8598),(4322, 620),(4323, 7303),(4324, 4659),(4325, 1386),(4326, 2951),(4327, 599),(4328, 4143),(4329, 8919),(4330, 2164),(4331, 4064),(4332, 3827),(4333, 6947),(4334, 3253),(4335, 5424),(4336, 7362),(4337, 539),(4338, 608),(4339, 1424),(4340, 5295),(4341, 2204),(4342, 5136),(4343, 9068),(4344, 9932),(4345, 2455),(4346, 2482),(4347, 5046),(4348, 7782),(4349, 3772),(4350, 5516),(4351, 6266),(4352, 4780),(4353, 5105),(4354, 1183),(4355, 600),(4356, 9453),(4357, 5466),(4358, 8970),(4359, 8453),(4360, 5354),(4361, 1414),(4362, 1008),(4363, 799),(4364, 969),(4365, 2451),(4366, 9347),(4367, 9382),(4368, 8869),(4369, 6202),(4370, 4402),(4371, 3404),(4372, 3814),(4373, 8858),(4374, 2848),(4375, 7667),(4376, 9794),(4377, 5967),(4378, 453),(4379, 4367),(4380, 475),(4381, 9276),(4382, 4954),(4383, 6942),(4384, 9849),(4385, 8418),(4386, 2545),(4387, 7470),(4388, 9715),(4389, 6165),(4390, 1683),(4391, 9921),(4392, 4556),(4393, 3016),(4394, 1412),(4395, 8011),(4396, 5822),(4397, 5079),(4398, 7926),(4399, 4396),(4400, 8202),(4401, 7822),(4402, 4503),(4403, 9052),(4404, 1752),(4405, 1603),(4406, 2762),(4407, 8998),(4408, 6708),(4409, 6543),(4410, 2595),(4411, 3344),(4412, 8938),(4413, 4658),(4414, 6475),(4415, 8402),(4416, 2584),(4417, 7715),(4418, 823),(4419, 971),(4420, 2385),(4421, 9015),(4422, 7921),(4423, 2558),(4424, 9028),(4425, 7466),(4426, 249),(4427, 8846),(4428, 3484),(4429, 881),(4430, 3955),(4431, 7134),(4432, 3803),(4433, 7613),(4434, 6658),(4435, 450),(4436, 2278),(4437, 39),(4438, 3363),(4439, 6697),(4440, 3397),(4441, 6894),(4442, 4281),(4443, 724),(4444, 778),(4445, 1718),(4446, 6258),(4447, 6136),(4448, 1904),(4449, 1113),(4450, 9856),(4451, 5939),(4452, 127),(4453, 2818),(4454, 3711),(4455, 100),(4456, 9369),(4457, 6546),(4458, 4623),(4459, 3478),(4460, 3521),(4461, 7172),(4462, 5295),(4463, 4963),(4464, 8928),(4465, 9751),(4466, 1972),(4467, 609),(4468, 7128),(4469, 3816),(4470, 7695),(4471, 7029),(4472, 2058),(4473, 9205),(4474, 9852),(4475, 1644),(4476, 8667),(4477, 8402),(4478, 6009),(4479, 4841),(4480, 6178),(4481, 6366),(4482, 3296),(4483, 7384),(4484, 7032),(4485, 3007),(4486, 3942),(4487, 690),(4488, 1625),(4489, 6055),(4490, 5398),(4491, 8828),(4492, 7945),(4493, 3241),(4494, 2372),(4495, 2136),(4496, 3566),(4497, 1423),(4498, 6419),(4499, 7824),(4500, 9866),(4501, 5856),(4502, 9684),(4503, 851),(4504, 5204),(4505, 3468),(4506, 1729),(4507, 8239),(4508, 6011),(4509, 5340),(4510, 8665),(4511, 7306),(4512, 537),(4513, 766),(4514, 2218),(4515, 8796),(4516, 7324),(4517, 235),(4518, 9201),(4519, 5300),(4520, 8898),(4521, 8592),(4522, 6265),(4523, 5552),(4524, 8964),(4525, 8163),(4526, 3927),(4527, 5143),(4528, 3936),(4529, 4251),(4530, 9446),(4531, 4479),(4532, 4058),(4533, 6851),(4534, 2084),(4535, 9865),(4536, 3074),(4537, 5775),(4538, 9656),(4539, 954),(4540, 5802),(4541, 6148),(4542, 3333),(4543, 8225),(4544, 1124),(4545, 948),(4546, 1368),(4547, 3997),(4548, 5882),(4549, 7420),(4550, 9454),(4551, 5009),(4552, 6682),(4553, 8387),(4554, 1888),(4555, 4278),(4556, 5728),(4557, 5805),(4558, 1842),(4559, 1794),(4560, 3445),(4561, 1845),(4562, 8888),(4563, 8908),(4564, 7875),(4565, 2654),(4566, 9643),(4567, 254),(4568, 2341),(4569, 946),(4570, 7704),(4571, 5685),(4572, 5312),(4573, 9505),(4574, 1591),(4575, 9439),(4576, 2421),(4577, 3791),(4578, 1694),(4579, 7096),(4580, 398),(4581, 701),(4582, 2314),(4583, 9469),(4584, 401),(4585, 3597),(4586, 6786),(4587, 3136),(4588, 5325),(4589, 7218),(4590, 115),(4591, 8920),(4592, 4254),(4593, 4513),(4594, 9804),(4595, 5482),(4596, 7997),(4597, 3539),(4598, 3707),(4599, 7918),(4600, 8470),(4601, 8595),(4602, 7566),(4603, 2044),(4604, 7524),(4605, 1487),(4606, 4865),(4607, 9864),(4608, 4724),(4609, 4029),(4610, 5973),(4611, 7781),(4612, 986),(4613, 1587),(4614, 4978),(4615, 129),(4616, 5712),(4617, 8174),(4618, 3732),(4619, 4141),(4620, 9510),(4621, 5128),(4622, 7110),(4623, 167),(4624, 9506),(4625, 7030),(4626, 6631),(4627, 2066),(4628, 438),(4629, 5991),(4630, 8643),(4631, 5241),(4632, 278),(4633, 5666),(4634, 7498),(4635, 491),(4636, 9963),(4637, 8341),(4638, 1815),(4639, 4056),(4640, 4832),(4641, 1995),(4642, 5477),(4643, 1403),(4644, 584),(4645, 8713),(4646, 1811),(4647, 2917),(4648, 9155),(4649, 7023),(4650, 7649),(4651, 7176),(4652, 2933),(4653, 3137),(4654, 6888),(4655, 5031),(4656, 4492),(4657, 7365),(4658, 3349),(4659, 4650),(4660, 3204),(4661, 2069),(4662, 737),(4663, 7476),(4664, 5172),(4665, 3430),(4666, 1633),(4667, 7879),(4668, 4496),(4669, 8843),(4670, 726),(4671, 7104),(4672, 3343),(4673, 5404),(4674, 6990),(4675, 8737),(4676, 2718),(4677, 7380),(4678, 8744),(4679, 1579),(4680, 1667),(4681, 3598),(4682, 2988),(4683, 4149),(4684, 1780),(4685, 6453),(4686, 6924),(4687, 5263),(4688, 5545),(4689, 1937),(4690, 3048),(4691, 9432),(4692, 8015),(4693, 1778),(4694, 4848),(4695, 8905),(4696, 9983),(4697, 3199),(4698, 6047),(4699, 639),(4700, 5053),(4701, 3348),(4702, 1581),(4703, 7862),(4704, 4567),(4705, 9252),(4706, 2557),(4707, 5030),(4708, 7481),(4709, 2313),(4710, 9126),(4711, 8688),(4712, 6065),(4713, 4262),(4714, 3116),(4715, 2794),(4716, 4624),(4717, 4738),(4718, 9819),(4719, 4882),(4720, 4953),(4721, 121),(4722, 5743),(4723, 8356),(4724, 4550),(4725, 7681),(4726, 4757),(4727, 744),(4728, 9448),(4729, 5008),(4730, 6697),(4731, 8460),(4732, 2211),(4733, 5677),(4734, 1752),(4735, 1729),(4736, 3391),(4737, 1766),(4738, 8660),(4739, 8000),(4740, 4020),(4741, 6101),(4742, 8446),(4743, 3927),(4744, 4297),(4745, 9703),(4746, 5627),(4747, 9024),(4748, 8242),(4749, 4136),(4750, 5954),(4751, 7362),(4752, 8951),(4753, 2671),(4754, 6499),(4755, 4483),(4756, 2920),(4757, 1151),(4758, 6997),(4759, 1530),(4760, 6662),(4761, 8722),(4762, 3621),(4763, 1940),(4764, 8836),(4765, 8361),(4766, 5300),(4767, 1414),(4768, 1172),(4769, 1620),(4770, 4586),(4771, 8067),(4772, 6579),(4773, 8692),(4774, 3727),(4775, 2558),(4776, 1611),(4777, 381),(4778, 7072),(4779, 4220),(4780, 9882),(4781, 6750),(4782, 4106),(4783, 282),(4784, 9091),(4785, 4610),(4786, 5777),(4787, 5054),(4788, 7943),(4789, 4550),(4790, 8924),(4791, 971),(4792, 8082),(4793, 7498),(4794, 3243),(4795, 3724),(4796, 8891),(4797, 3282),(4798, 9739),(4799, 8850),(4800, 5032),(4801, 8612),(4802, 7963),(4803, 3981),(4804, 6015),(4805, 8135),(4806, 2629),(4807, 8742),(4808, 5821),(4809, 2882),(4810, 6947),(4811, 6089),(4812, 9603),(4813, 9749),(4814, 9935),(4815, 430),(4816, 2346),(4817, 442),(4818, 5172),(4819, 4534),(4820, 7156),(4821, 2178),(4822, 9421),(4823, 574),(4824, 4606),(4825, 1307),(4826, 2720),(4827, 9680),(4828, 240),(4829, 2159),(4830, 76),(4831, 3904),(4832, 9293),(4833, 4752),(4834, 5884),(4835, 5165),(4836, 8171),(4837, 5363),(4838, 2301),(4839, 5418),(4840, 186),(4841, 4679),(4842, 2835),(4843, 140),(4844, 2194),(4845, 553),(4846, 6181),(4847, 9247),(4848, 7693),(4849, 725),(4850, 545),(4851, 552),(4852, 1127),(4853, 3978),(4854, 6512),(4855, 623),(4856, 3580),(4857, 6034),(4858, 9428),(4859, 9038),(4860, 6906),(4861, 7416),(4862, 6364),(4863, 9572),(4864, 8768),(4865, 5125),(4866, 9322),(4867, 1237),(4868, 8218),(4869, 7380),(4870, 2247),(4871, 9096),(4872, 8740),(4873, 6412),(4874, 5842),(4875, 9972),(4876, 2334),(4877, 1757),(4878, 1781),(4879, 3635),(4880, 2834),(4881, 3266),(4882, 7826),(4883, 9335),(4884, 3195),(4885, 7973),(4886, 279),(4887, 7478),(4888, 6551),(4889, 324),(4890, 1964),(4891, 8852),(4892, 8368),(4893, 5286),(4894, 1325),(4895, 768),(4896, 9864),(4897, 7016),(4898, 5490),(4899, 6402),(4900, 5540),(4901, 8497),(4902, 5863),(4903, 3824),(4904, 1534),(4905, 6199),(4906, 6393),(4907, 3366),(4908, 7655),(4909, 8176),(4910, 7916),(4911, 5050),(4912, 1506),(4913, 2379),(4914, 7376),(4915, 9746),(4916, 6601),(4917, 3769),(4918, 9041),(4919, 3899),(4920, 2373),(4921, 169),(4922, 3726),(4923, 8124),(4924, 9441),(4925, 2835),(4926, 5852),(4927, 757),(4928, 6227),(4929, 8865),(4930, 5643),(4931, 1622),(4932, 1183),(4933, 1048),(4934, 1690),(4935, 5308),(4936, 1469),(4937, 1421),(4938, 2700),(4939, 9236),(4940, 8083),(4941, 2706),(4942, 9280),(4943, 8286),(4944, 3587),(4945, 3080),(4946, 4638),(4947, 3951),(4948, 5843),(4949, 7359),(4950, 9270),(4951, 4273),(4952, 3555),(4953, 4958),(4954, 4123),(4955, 5744),(4956, 6349),(4957, 4513),(4958, 3521),(4959, 4063),(4960, 9756),(4961, 6592),(4962, 3691),(4963, 8678),(4964, 2321),(4965, 5569),(4966, 882),(4967, 7705),(4968, 5879),(4969, 6279),(4970, 3758),(4971, 9955),(4972, 8503),(4973, 2648),(4974, 7733),(4975, 722),(4976, 409),(4977, 9881),(4978, 8179),(4979, 1252),(4980, 1725),(4981, 4868),(4982, 9166),(4983, 1224),(4984, 8626),(4985, 9457),(4986, 1407),(4987, 8666),(4988, 9107),(4989, 9539),(4990, 373),(4991, 3251),(4992, 5136),(4993, 5929),(4994, 4234),(4995, 3385),(4996, 4225),(4997, 968),(4998, 2165),(4999, 7923),(5000, 3119),(5001, 1829),(5002, 9785),(5003, 3441),(5004, 7851),(5005, 8931),(5006, 1102),(5007, 8718),(5008, 283),(5009, 5261),(5010, 5458),(5011, 1505),(5012, 1154),(5013, 1255),(5014, 2815),(5015, 311),(5016, 3110),(5017, 4616),(5018, 3749),(5019, 4900),(5020, 3252),(5021, 1562),(5022, 8053),(5023, 5581),(5024, 3746),(5025, 1988),(5026, 8703),(5027, 7551),(5028, 1648),(5029, 5588),(5030, 2995),(5031, 8212),(5032, 2076),(5033, 5746),(5034, 2501),(5035, 5269),(5036, 8843),(5037, 8409),(5038, 5516),(5039, 2353),(5040, 5217),(5041, 9028),(5042, 9490),(5043, 366),(5044, 3359),(5045, 5697),(5046, 8410),(5047, 4961),(5048, 9572),(5049, 2981),(5050, 6187),(5051, 1995),(5052, 1414),(5053, 1084),(5054, 1178),(5055, 2639),(5056, 9662),(5057, 394),(5058, 2983),(5059, 3736),(5060, 9729),(5061, 7440),(5062, 8013),(5063, 7743),(5064, 4678),(5065, 160),(5066, 6768),(5067, 3360),(5068, 6496),(5069, 2399),(5070, 2509),(5071, 5346),(5072, 9207),(5073, 9995),(5074, 2354),(5075, 1788),(5076, 1877),(5077, 4021),(5078, 4476),(5079, 317),(5080, 8156),(5081, 9831),(5082, 4688),(5083, 3949),(5084, 5678),(5085, 6545),(5086, 5692),(5087, 8824),(5088, 7044),(5089, 8749),(5090, 2616),(5091, 6830),(5092, 6304),(5093, 1030),(5094, 6240),(5095, 8111),(5096, 1834),(5097, 4837),(5098, 8684),(5099, 8910),(5100, 8500),(5101, 5770),(5102, 3350),(5103, 9443),(5104, 7162),(5105, 7483),(5106, 5930),(5107, 7201),(5108, 8214),(5109, 9467),(5110, 2694),(5111, 5070),(5112, 7270),(5113, 1139),(5114, 3884),(5115, 6004),(5116, 8370),(5117, 3840),(5118, 4088),(5119, 8919),(5120, 2335),(5121, 4917),(5122, 7582),(5123, 3158),(5124, 3047),(5125, 5758),(5126, 9653),(5127, 990),(5128, 5991),(5129, 6988),(5130, 6965),(5131, 3861),(5132, 8413),(5133, 480),(5134, 7161),(5135, 4367),(5136, 353),(5137, 8664),(5138, 2261),(5139, 5315),(5140, 9794),(5141, 3022),(5142, 5731),(5143, 9590),(5144, 759),(5145, 5022),(5146, 2834),(5147, 9104),(5148, 7018),(5149, 7780),(5150, 7846),(5151, 5890),(5152, 5913),(5153, 1895),(5154, 1735),(5155, 2991),(5156, 9751),(5157, 9781),(5158, 9652),(5159, 8920),(5160, 5645),(5161, 1463),(5162, 381),(5163, 7515),(5164, 6433),(5165, 9620),(5166, 8801),(5167, 5146),(5168, 9329),(5169, 1205),(5170, 8041),(5171, 6591),(5172, 8832),(5173, 4388),(5174, 5443),(5175, 4054),(5176, 3938),(5177, 7530),(5178, 5838),(5179, 6601),(5180, 5489),(5181, 7643),(5182, 1748),(5183, 5813),(5184, 3822),(5185, 1672),(5186, 6895),(5187, 9460),(5188, 6613),(5189, 4684),(5190, 3585),(5191, 3873),(5192, 8610),(5193, 1433),(5194, 1333),(5195, 2368),(5196, 7841),(5197, 2100),(5198, 6978),(5199, 8592),(5200, 2025),(5201, 4350),(5202, 5677),(5203, 5335),(5204, 9643),(5205, 2212),(5206, 2132),(5207, 4025),(5208, 3730),(5209, 6576),(5210, 1690),(5211, 8720),(5212, 8533),(5213, 6506),(5214, 6931),(5215, 5138),(5216, 4897),(5217, 9070),(5218, 659),(5219, 6086),(5220, 8455),(5221, 4019),(5222, 4728),(5223, 1585),(5224, 3739),(5225, 3942),(5226, 8494),(5227, 643),(5228, 7733),(5229, 6740),(5230, 498),(5231, 2270),(5232, 9856),(5233, 2474),(5234, 2799),(5235, 6576),(5236, 4484),(5237, 2690),(5238, 9999),(5239, 1928),(5240, 9642),(5241, 2426),(5242, 3205),(5243, 8747),(5244, 4120),(5245, 4361),(5246, 9444),(5247, 4138),(5248, 2359),(5249, 9381),(5250, 9828),(5251, 998),(5252, 5507),(5253, 4541),(5254, 6184),(5255, 7299),(5256, 7942),(5257, 7813),(5258, 5242),(5259, 2770),(5260, 8125),(5261, 2315),(5262, 7203),(5263, 9068),(5264, 3731),(5265, 1454),(5266, 6076),(5267, 6020),(5268, 1870),(5269, 1290),(5270, 843),(5271, 344),(5272, 9191),(5273, 4925),(5274, 7051),(5275, 480),(5276, 1248),(5277, 4801),(5278, 260),(5279, 6896),(5280, 3704),(5281, 7830),(5282, 8039),(5283, 6707),(5284, 9419),(5285, 6976),(5286, 6620),(5287, 2176),(5288, 1018),(5289, 8563),(5290, 9761),(5291, 3115),(5292, 6295),(5293, 2130),(5294, 1764),(5295, 2432),(5296, 6868),(5297, 7043),(5298, 4613),(5299, 1938),(5300, 5849),(5301, 3433),(5302, 9620),(5303, 7800),(5304, 140),(5305, 7300),(5306, 6083),(5307, 8512),(5308, 4314),(5309, 6034),(5310, 7230),(5311, 8048),(5312, 8551),(5313, 8611),(5314, 7404),(5315, 1186),(5316, 3718),(5317, 5032),(5318, 4007),(5319, 4941),(5320, 2682),(5321, 8587),(5322, 4893),(5323, 8701),(5324, 8828),(5325, 8036),(5326, 3700),(5327, 4389),(5328, 846),(5329, 1065),(5330, 2788),(5331, 745),(5332, 5362),(5333, 4577),(5334, 6798),(5335, 257),(5336, 895),(5337, 3704),(5338, 5835),(5339, 8063),(5340, 2810),(5341, 9862),(5342, 880),(5343, 4814),(5344, 1431),(5345, 2715),(5346, 9283),(5347, 8271),(5348, 3506),(5349, 2717),(5350, 3068),(5351, 7190),(5352, 6744),(5353, 2153),(5354, 533),(5355, 6206),(5356, 9433),(5357, 8545),(5358, 4426),(5359, 6498),(5360, 9212),(5361, 6565),(5362, 5189),(5363, 6250),(5364, 5684),(5365, 9670),(5366, 1300),(5367, 7491),(5368, 3555),(5369, 5302),(5370, 5844),(5371, 3315),(5372, 9045),(5373, 5280),(5374, 9264),(5375, 479),(5376, 4607),(5377, 1596),(5378, 4161),(5379, 6019),(5380, 7610),(5381, 9992),(5382, 7134),(5383, 5693),(5384, 7063),(5385, 8237),(5386, 9995),(5387, 5267),(5388, 6348),(5389, 5941),(5390, 660),(5391, 5479),(5392, 5414),(5393, 636),(5394, 6936),(5395, 2772),(5396, 3053),(5397, 6952),(5398, 5600),(5399, 7144),(5400, 8920),(5401, 3168),(5402, 9079),(5403, 5894),(5404, 2233),(5405, 3482),(5406, 710),(5407, 3108),(5408, 3408),(5409, 7718),(5410, 8368),(5411, 8685),(5412, 8324),(5413, 5562),(5414, 2840),(5415, 7515),(5416, 9057),(5417, 2739),(5418, 6524),(5419, 4403),(5420, 2446),(5421, 9018),(5422, 7756),(5423, 1726),(5424, 5360),(5425, 1625),(5426, 2046),(5427, 5354),(5428, 634),(5429, 7106),(5430, 3630),(5431, 6833),(5432, 3274),(5433, 5873),(5434, 9543),(5435, 98),(5436, 1861),(5437, 9009),(5438, 9465),(5439, 296),(5440, 3086),(5441, 4543),(5442, 3458),(5443, 3663),(5444, 7939),(5445, 8707),(5446, 9718),(5447, 2469),(5448, 3193),(5449, 8559),(5450, 3215),(5451, 401),(5452, 2357),(5453, 585),(5454, 5854),(5455, 7517),(5456, 22),(5457, 7560),(5458, 7734),(5459, 5989),(5460, 6744),(5461, 5755),(5462, 8541),(5463, 5443),(5464, 1592),(5465, 1632),(5466, 3383),(5467, 2020),(5468, 9953),(5469, 3706),(5470, 8671),(5471, 2238),(5472, 5178),(5473, 9174),(5474, 337),(5475, 4165),(5476, 9812),(5477, 6569),(5478, 3407),(5479, 7330),(5480, 6430),(5481, 161),(5482, 1515),(5483, 7093),(5484, 921),(5485, 3327),(5486, 3872),(5487, 9378),(5488, 5276),(5489, 8248),(5490, 5409),(5491, 2304),(5492, 5291),(5493, 9546),(5494, 1856),(5495, 641),(5496, 7641),(5497, 6281),(5498, 8482),(5499, 3570),(5500, 2402),(5501, 1301),(5502, 9300),(5503, 2599),(5504, 5092),(5505, 7666),(5506, 3053),(5507, 2268),(5508, 2181),(5509, 4102),(5510, 3969),(5511, 7538),(5512, 5784),(5513, 6307),(5514, 4185),(5515, 2004),(5516, 7463),(5517, 1305),(5518, 4134),(5519, 6758),(5520, 1389),(5521, 6669),(5522, 9179),(5523, 5890),(5524, 1912),(5525, 1891),(5526, 3719),(5527, 2922),(5528, 3456),(5529, 8511),(5530, 2191),(5531, 5421),(5532, 531),(5533, 6394),(5534, 379),(5535, 2711),(5536, 2418),(5537, 3957),(5538, 2534),(5539, 799),(5540, 6392),(5541, 9566),(5542, 8652),(5543, 4565),(5544, 6867),(5545, 641),(5546, 2604),(5547, 1099),(5548, 7683),(5549, 5117),(5550, 2536),(5551, 7329),(5552, 9040),(5553, 3212),(5554, 8941),(5555, 5069),(5556, 8523),(5557, 7409),(5558, 1475),(5559, 5149),(5560, 1321),(5561, 1159),(5562, 1834),(5563, 5692),(5564, 2960),(5565, 7725),(5566, 9746),(5567, 5553),(5568, 8530),(5569, 5991),(5570, 4364),(5571, 3850),(5572, 6159),(5573, 9243),(5574, 7738),(5575, 962),(5576, 1596),(5577, 5096),(5578, 690),(5579, 8166),(5580, 8757),(5581, 9288),(5582, 172),(5583, 2994),(5584, 4454),(5585, 3287),(5586, 3077),(5587, 5524),(5588, 8387),(5589, 5366),(5590, 1667),(5591, 2240),(5592, 6199),(5593, 4277),(5594, 2788),(5595, 1110),(5596, 7186),(5597, 2599),(5598, 1438),(5599, 9392),(5600, 2649),(5601, 5067),(5602, 7388),(5603, 1741),(5604, 6541),(5605, 7482),(5606, 7787),(5607, 6491),(5608, 9096),(5609, 6006),(5610, 2741),(5611, 5687),(5612, 214),(5613, 4011),(5614, 9413),(5615, 5031),(5616, 6919),(5617, 9499),(5618, 6741),(5619, 5207),(5620, 5815),(5621, 3453),(5622, 9819),(5623, 8737),(5624, 4230),(5625, 4938),(5626, 2002),(5627, 5194),(5628, 9966),(5629, 4250),(5630, 1352),(5631, 4011),(5632, 6000),(5633, 7966),(5634, 1833),(5635, 5265),(5636, 826),(5637, 8338),(5638, 9213),(5639, 1052),(5640, 7622),(5641, 4954),(5642, 1905),(5643, 4662),(5644, 7596),(5645, 3993),(5646, 7177),(5647, 3908),(5648, 8008),(5649, 8318),(5650, 7564),(5651, 2869),(5652, 1652),(5653, 9656),(5654, 3323),(5655, 7646),(5656, 8261),(5657, 8367),(5658, 7053),(5659, 163),(5660, 9659),(5661, 7806),(5662, 51),(5663, 6840),(5664, 4048),(5665, 9721),(5666, 6458),(5667, 3131),(5668, 6282),(5669, 2015),(5670, 1230),(5671, 107),(5672, 6844),(5673, 3901),(5674, 8974),(5675, 3166),(5676, 8909),(5677, 5048),(5678, 8512),(5679, 7419),(5680, 1559),(5681, 5537),(5682, 3010),(5683, 8440),(5684, 3169),(5685, 524),(5686, 3115),(5687, 4004),(5688, 676),(5689, 1367),(5690, 4806),(5691, 9932),(5692, 5241),(5693, 6409),(5694, 6324),(5695, 2395),(5696, 3001),(5697, 7821),(5698, 103),(5699, 7054),(5700, 4959),(5701, 3634),(5702, 3292),(5703, 5561),(5704, 7928),(5705, 2959),(5706, 1012),(5707, 6185),(5708, 7887),(5709, 879),(5710, 737),(5711, 1049),(5712, 3035),(5713, 2026),(5714, 1026),(5715, 9054),(5716, 2191),(5717, 3793),(5718, 2395),(5719, 594),(5720, 5785),(5721, 7145),(5722, 8371),(5723, 419),(5724, 6982),(5725, 3654),(5726, 7325),(5727, 5665),(5728, 6347),(5729, 4743),(5730, 4674),(5731, 9142),(5732, 1690),(5733, 1022),(5734, 41),(5735, 7140),(5736, 5577),(5737, 6465),(5738, 5595),(5739, 8580),(5740, 6117),(5741, 4844),(5742, 5869),(5743, 4814),(5744, 6463),(5745, 7875),(5746, 9986),(5747, 6307),(5748, 1575),(5749, 8956),(5750, 57),(5751, 3416),(5752, 6909),(5753, 4297),(5754, 758),(5755, 900),(5756, 2228),(5757, 8442),(5758, 5523),(5759, 2291),(5760, 4885),(5761, 7555),(5762, 3119),(5763, 2930),(5764, 5293),(5765, 7675),(5766, 2498),(5767, 9467),(5768, 9839),(5769, 796),(5770, 4465),(5771, 9937),(5772, 6288),(5773, 1632),(5774, 9296),(5775, 1584),(5776, 35),(5777, 5421),(5778, 7002),(5779, 8745),(5780, 2722),(5781, 7373),(5782, 8701),(5783, 1385),(5784, 823),(5785, 9962),(5786, 7340),(5787, 6815),(5788, 2057),(5789, 9839),(5790, 3027),(5791, 5616),(5792, 9001),(5793, 8157),(5794, 3782),(5795, 4438),(5796, 845),(5797, 914),(5798, 2033),(5799, 7423),(5800, 1019),(5801, 2824),(5802, 1066),(5803, 6856),(5804, 1084),(5805, 4850),(5806, 1001),(5807, 453),(5808, 9264),(5809, 4959),(5810, 7006),(5811, 154),(5812, 9750),(5813, 8289),(5814, 2195),(5815, 6108),(5816, 3956),(5817, 1458),(5818, 5422),(5819, 2737),(5820, 7417),(5821, 8877),(5822, 2134),(5823, 4039),(5824, 3794),(5825, 6851),(5826, 2877),(5827, 3832),(5828, 529),(5829, 1149),(5830, 4157),(5831, 7342),(5832, 4236),(5833, 9158),(5834, 3080),(5835, 7927),(5836, 396),(5837, 8201),(5838, 9815),(5839, 4473),(5840, 2923),(5841, 1194),(5842, 7200),(5843, 2420),(5844, 501),(5845, 5245),(5846, 4721),(5847, 7873),(5848, 5201),(5849, 2385),(5850, 6326),(5851, 4474),(5852, 3391),(5853, 3534),(5854, 7496),(5855, 6879),(5856, 1907),(5857, 8900),(5858, 8777),(5859, 7189),(5860, 9612),(5861, 6492),(5862, 3628),(5863, 8661),(5864, 2424),(5865, 6138),(5866, 3419),(5867, 8679),(5868, 3141),(5869, 9667),(5870, 8913),(5871, 5563),(5872, 1079),(5873, 8707),(5874, 297),(5875, 5365),(5876, 5934),(5877, 3575),(5878, 73),(5879, 9641),(5880, 7988),(5881, 1017),(5882, 1122),(5883, 2558),(5884, 9427),(5885, 9461),(5886, 9024),(5887, 6737),(5888, 6613),(5889, 2857),(5890, 4443),(5891, 3646),(5892, 4903),(5893, 3576),(5894, 3171),(5895, 5127),(5896, 6123),(5897, 5235),(5898, 7806),(5899, 3326),(5900, 3210),(5901, 6075),(5902, 745),(5903, 5500),(5904, 5264),(5905, 9821),(5906, 3315),(5907, 7112),(5908, 5614),(5909, 6735),(5910, 6833),(5911, 3961),(5912, 9308),(5913, 4657),(5914, 5360),(5915, 2832),(5916, 8078),(5917, 1895),(5918, 5243),(5919, 529),(5920, 6916),(5921, 2994),(5922, 4221),(5923, 2126),(5924, 7966),(5925, 3455),(5926, 3376),(5927, 6515),(5928, 2448),(5929, 2696),(5930, 6135),(5931, 2588),(5932, 4535),(5933, 4910),(5934, 949),(5935, 13),(5936, 7219),(5937, 6056),(5938, 8624),(5939, 4954),(5940, 8899),(5941, 9632),(5942, 1462),(5943, 8415),(5944, 7690),(5945, 3205),(5946, 2954),(5947, 5156),(5948, 6918),(5949, 9121),(5950, 4855),(5951, 6911),(5952, 9990),(5953, 9217),(5954, 6116),(5955, 2929),(5956, 6300),(5957, 2712),(5958, 4660),(5959, 5166),(5960, 1849),(5961, 3746),(5962, 3186),(5963, 4691),(5964, 3900),(5965, 5426),(5966, 5432),(5967, 883),(5968, 8117),(5969, 7939),(5970, 5344),(5971, 2904),(5972, 8490),(5973, 3735),(5974, 3207),(5975, 4830),(5976, 4531),(5977, 8163),(5978, 7223),(5979, 1627),(5980, 6468),(5981, 7459),(5982, 7892),(5983, 7084),(5984, 1746),(5985, 7475),(5986, 2140),(5987, 8276),(5988, 4958),(5989, 9965),(5990, 4952),(5991, 4866),(5992, 9472),(5993, 2762),(5994, 5396),(5995, 8695),(5996, 7286),(5997, 345),(5998, 9869),(5999, 8312),(6000, 1951),(6001, 4821),(6002, 8254),(6003, 6807),(6004, 9272),(6005, 5938),(6006, 1877),(6007, 1572),(6008, 2228),(6009, 6426),(6010, 5446),(6011, 7950),(6012, 3416),(6013, 3228),(6014, 5892),(6015, 9778),(6016, 1214),(6017, 6737),(6018, 43),(6019, 7),(6020, 9903),(6021, 9496),(6022, 7771),(6023, 370),(6024, 8534),(6025, 1562),(6026, 2207),(6027, 6349),(6028, 5128),(6029, 6590),(6030, 7568),(6031, 8071),(6032, 7653),(6033, 4050),(6034, 7291),(6035, 4306),(6036, 9660),(6037, 5379),(6038, 7918),(6039, 3454),(6040, 3515),(6041, 7215),(6042, 5529),(6043, 6002),(6044, 3424),(6045, 9114),(6046, 5300),(6047, 9158),(6048, 9889),(6049, 1973),(6050, 200),(6051, 5079),(6052, 4798),(6053, 8751),(6054, 9364),(6055, 568),(6056, 4749),(6057, 2040),(6058, 5954),(6059, 3648),(6060, 382),(6061, 966),(6062, 3683),(6063, 5517),(6064, 6535),(6065, 6127),(6066, 1031),(6067, 6773),(6068, 773),(6069, 3546),(6070, 5414),(6071, 6430),(6072, 5908),(6073, 253),(6074, 3542),(6075, 6951),(6076, 4129),(6077, 9794),(6078, 6584),(6079, 3537),(6080, 7935),(6081, 9063),(6082, 1510),(6083, 361),(6084, 7275),(6085, 5295),(6086, 4647),(6087, 7353),(6088, 2826),(6089, 2068),(6090, 1866),(6091, 3124),(6092, 25),(6093, 752),(6094, 3687),(6095, 6180),(6096, 9841),(6097, 662),(6098, 3789),(6099, 6961),(6100, 3437),(6101, 6302),(6102, 1200),(6103, 7095),(6104, 1875),(6105, 8090),(6106, 4824),(6107, 9851),(6108, 4785),(6109, 4372),(6110, 7507),(6111, 4416),(6112, 9563),(6113, 4566),(6114, 4142),(6115, 7014),(6116, 2642),(6117, 2168),(6118, 2916),(6119, 8075),(6120, 1626),(6121, 3908),(6122, 4663),(6123, 1591),(6124, 3968),(6125, 5064),(6126, 3420),(6127, 1906),(6128, 9271),(6129, 639),(6130, 5382),(6131, 4991),(6132, 8813),(6133, 9089),(6134, 9009),(6135, 7778),(6136, 1864),(6137, 5986),(6138, 4337),(6139, 3728),(6140, 5631),(6141, 6969),(6142, 7952),(6143, 8855),(6144, 419),(6145, 5530),(6146, 6395),(6147, 5385),(6148, 7740),(6149, 2547),(6150, 9516),(6151, 9937),(6152, 1138),(6153, 5882),(6154, 5994),(6155, 2325),(6156, 3646),(6157, 1252),(6158, 5325),(6159, 2867),(6160, 8361),(6161, 3205),(6162, 944),(6163, 5104),(6164, 2688),(6165, 8131),(6166, 2589),(6167, 8554),(6168, 5003),(6169, 9352),(6170, 1752),(6171, 705),(6172, 8269),(6173, 9230),(6174, 1344),(6175, 9030),(6176, 1118),(6177, 8501),(6178, 9151),(6179, 252),(6180, 3808),(6181, 8284),(6182, 9998),(6183, 5137),(6184, 5693),(6185, 3056),(6186, 8198),(6187, 1824),(6188, 4526),(6189, 7158),(6190, 2214),(6191, 9597),(6192, 1341),(6193, 7918),(6194, 5564),(6195, 4067),(6196, 3644),(6197, 6017),(6198, 9157),(6199, 7734),(6200, 1199),(6201, 2793),(6202, 369),(6203, 3465),(6204, 6218),(6205, 696),(6206, 4829),(6207, 2054),(6208, 5787),(6209, 2772),(6210, 6500),(6211, 4185),(6212, 1425),(6213, 4569),(6214, 8570),(6215, 9146),(6216, 19),(6217, 2658),(6218, 3234),(6219, 8194),(6220, 1271),(6221, 1775),(6222, 5060),(6223, 9974),(6224, 4693),(6225, 3542),(6226, 3631),(6227, 7531),(6228, 6760),(6229, 1209),(6230, 5764),(6231, 5194),(6232, 8679),(6233, 7814),(6234, 3033),(6235, 1724),(6236, 9523),(6237, 2442),(6238, 3641),(6239, 881),(6240, 3481),(6241, 4764),(6242, 3377),(6243, 2593),(6244, 2837),(6245, 6404),(6246, 3510),(6247, 8341),(6248, 1173),(6249, 841),(6250, 689),(6251, 922),(6252, 2542),(6253, 9944),(6254, 2098),(6255, 655),(6256, 6984),(6257, 2953),(6258, 3816),(6259, 223),(6260, 9664),(6261, 7651),(6262, 9267),(6263, 3379),(6264, 9096),(6265, 5345),(6266, 9438),(6267, 1154),(6268, 7459),(6269, 3831),(6270, 6778),(6271, 2399),(6272, 1662),(6273, 1114),(6274, 584),(6275, 9579),(6276, 6141),(6277, 1970),(6278, 1428),(6279, 1232),(6280, 1875),(6281, 5680),(6282, 2774),(6283, 6832),(6284, 5838),(6285, 8697),(6286, 5968),(6287, 3750),(6288, 847),(6289, 2987),(6290, 2393),(6291, 3004),(6292, 7842),(6293, 198),(6294, 7463),(6295, 6723),(6296, 1228),(6297, 5972),(6298, 6177),(6299, 2969),(6300, 6314),(6301, 2665),(6302, 4381),(6303, 3912),(6304, 6418),(6305, 353),(6306, 2511),(6307, 1497),(6308, 9954),(6309, 5280),(6310, 6536),(6311, 6842),(6312, 4604),(6313, 2494),(6314, 8660),(6315, 5816),(6316, 3100),(6317, 8052),(6318, 963),(6319, 658),(6320, 400),(6321, 28),(6322, 8941),(6323, 4620),(6324, 6280),(6325, 7540),(6326, 8859),(6327, 1674),(6328, 1796),(6329, 3958),(6330, 4401),(6331, 132),(6332, 7459),(6333, 6898),(6334, 2112),(6335, 9869),(6336, 3008),(6337, 5432),(6338, 8138),(6339, 4396),(6340, 7564),(6341, 4632),(6342, 471),(6343, 8459),(6344, 883),(6345, 9040),(6346, 2548),(6347, 5624),(6348, 474),(6349, 5500),(6350, 6079),(6351, 3894),(6352, 1233),(6353, 4486),(6354, 8729),(6355, 188),(6356, 4755),(6357, 3210),(6358, 1784),(6359, 9292),(6360, 1107),(6361, 7662),(6362, 4987),(6363, 1950),(6364, 4789),(6365, 8097),(6366, 6116),(6367, 6293),(6368, 3114),(6369, 6693),(6370, 4125),(6371, 547),(6372, 361),(6373, 163),(6374, 9734),(6375, 8180),(6376, 1699),(6377, 3957),(6378, 4687),(6379, 1565),(6380, 3763),(6381, 4121),(6382, 9317),(6383, 4222),(6384, 3160),(6385, 3133),(6386, 6187),(6387, 1535),(6388, 9114),(6389, 967),(6390, 7491),(6391, 4557),(6392, 311),(6393, 7884),(6394, 8487),(6395, 8783),(6396, 8457),(6397, 5935),(6398, 4304),(6399, 3715),(6400, 5665),(6401, 7179),(6402, 8902),(6403, 2973),(6404, 8160),(6405, 1879),(6406, 4918),(6407, 8952),(6408, 7),(6409, 3178),(6410, 5870),(6411, 9817),(6412, 1474),(6413, 7922),(6414, 5187),(6415, 2170),(6416, 5291),(6417, 9943),(6418, 3842),(6419, 9384),(6420, 5392),(6421, 8811),(6422, 7880),(6423, 2968),(6424, 1198),(6425, 7086),(6426, 1836),(6427, 7924),(6428, 4112),(6429, 6787),(6430, 1600),(6431, 7638),(6432, 3392),(6433, 4046),(6434, 54),(6435, 8135),(6436, 512),(6437, 8156),(6438, 9245),(6439, 1758),(6440, 1056),(6441, 4),(6442, 6855),(6443, 4262),(6444, 746),(6445, 945),(6446, 2485),(6447, 9592),(6448, 506),(6449, 3754),(6450, 7252),(6451, 4998),(6452, 3236),(6453, 1187),(6454, 6227),(6455, 7573),(6456, 9186),(6457, 3211),(6458, 8498),(6459, 2856),(6460, 8786),(6461, 5363),(6462, 460),(6463, 6210),(6464, 9669),(6465, 9717),(6466, 9578),(6467, 8740),(6468, 4965),(6469, 8607),(6470, 8140),(6471, 4881),(6472, 9984),(6473, 5278),(6474, 6439),(6475, 6360),(6476, 2484),(6477, 3342),(6478, 9256),(6479, 6256),(6480, 3514),(6481, 8800),(6482, 3461),(6483, 903),(6484, 4132),(6485, 7953),(6486, 7371),(6487, 2994),(6488, 2857),(6489, 5306),(6490, 7958),(6491, 3875),(6492, 5499),(6493, 5873),(6494, 2868),(6495, 6720),(6496, 4997),(6497, 4825),(6498, 9136),(6499, 1206),(6500, 8620),(6501, 9483),(6502, 1555),(6503, 9326),(6504, 1967),(6505, 1859),(6506, 3392),(6507, 1384),(6508, 6744),(6509, 9569),(6510, 7614),(6511, 9362),(6512, 3971),(6513, 1770),(6514, 6936),(6515, 9370),(6516, 6042),(6517, 2100),(6518, 2376),(6519, 5580),(6520, 771),(6521, 7118),(6522, 3275),(6523, 5024),(6524, 5296),(6525, 1408),(6526, 1152),(6527, 1535),(6528, 4222),(6529, 6503),(6530, 9851),(6531, 9745),(6532, 9174),(6533, 6635),(6534, 5653),(6535, 8360),(6536, 4843),(6537, 9136),(6538, 1149),(6539, 8339),(6540, 8246),(6541, 6217),(6542, 6347),(6543, 3084),(6544, 6379),(6545, 2642),(6546, 4076),(6547, 2456),(6548, 49),(6549, 2880),(6550, 4252),(6551, 2619),(6552, 341),(6553, 3847),(6554, 8213),(6555, 9524),(6556, 2984),(6557, 6346),(6558, 2778),(6559, 4852),(6560, 5929),(6561, 5087),(6562, 7648),(6563, 2980),(6564, 1958),(6565, 852),(6566, 8384),(6567, 9364),(6568, 1669),(6569, 254),(6570, 6263),(6571, 555),(6572, 3984),(6573, 8257),(6574, 9333),(6575, 1895),(6576, 1475),(6577, 1692),(6578, 4033),(6579, 5093),(6580, 3365),(6581, 1546),(6582, 7637),(6583, 3547),(6584, 4824),(6585, 3482),(6586, 2936),(6587, 4235),(6588, 2368),(6589, 9133),(6590, 8564),(6591, 5422),(6592, 1417),(6593, 819),(6594, 9846),(6595, 6771),(6596, 4319),(6597, 1282),(6598, 3452),(6599, 3416),(6600, 6725),(6601, 3376),(6602, 6708),(6603, 3410),(6604, 6929),(6605, 4415),(6606, 1287),(6607, 3192),(6608, 2099),(6609, 920),(6610, 8305),(6611, 8763),(6612, 8901),(6613, 8218),(6614, 4385),(6615, 7271),(6616, 3200),(6617, 4188),(6618, 1341),(6619, 4141),(6620, 6682),(6621, 987),(6622, 4892),(6623, 1497),(6624, 2811),(6625, 9563),(6626, 9383),(6627, 8225),(6628, 2977),(6629, 211),(6630, 2125),(6631, 9991),(6632, 3582),(6633, 7939),(6634, 8948),(6635, 924),(6636, 7775),(6637, 6105),(6638, 7202),(6639, 7694),(6640, 6864),(6641, 1238),(6642, 5600),(6643, 4286),(6644, 4629),(6645, 290),(6646, 7561),(6647, 6938),(6648, 2008),(6649, 9227),(6650, 111),(6651, 2874),(6652, 4038),(6653, 1568),(6654, 5727),(6655, 3930),(6656, 2472),(6657, 568),(6658, 5427),(6659, 5431),(6660, 874),(6661, 8079),(6662, 7771),(6663, 4621),(6664, 9792),(6665, 5098),(6666, 6115),(6667, 5280),(6668, 8056),(6669, 4440),(6670, 8032),(6671, 6842),(6672, 116),(6673, 52),(6674, 9912),(6675, 9406),(6676, 7295),(6677, 8255),(6678, 9392),(6679, 2195),(6680, 2799),(6681, 7413),(6682, 8666),(6683, 1094),(6684, 9472),(6685, 4078),(6686, 1977),(6687, 7648),(6688, 2312),(6689, 8615),(6690, 6141),(6691, 4858),(6692, 5869),(6693, 4769),(6694, 6241),(6695, 6897),(6696, 5763),(6697, 8125),(6698, 3336),(6699, 2307),(6700, 1526),(6701, 709),(6702, 8969),(6703, 2718),(6704, 6681),(6705, 5255),(6706, 6230),(6707, 5387),(6708, 8244),(6709, 5061),(6710, 573),(6711, 7681),(6712, 6688),(6713, 399),(6714, 1930),(6715, 8456),(6716, 6487),(6717, 7071),(6718, 5892),(6719, 8250),(6720, 3572),(6721, 3110),(6722, 4834),(6723, 4843),(6724, 9713),(6725, 4038),(6726, 1050),(6727, 3139),(6728, 2542),(6729, 3295),(6730, 8850),(6731, 4367),(6732, 5283),(6733, 3315),(6734, 726),(6735, 3688),(6736, 6260),(6737, 236),(6738, 2403),(6739, 1306),(6740, 9321),(6741, 2687),(6742, 5472),(6743, 9302),(6744, 95),(6745, 2568),(6746, 2557),(6747, 5080),(6748, 7730),(6749, 3412),(6750, 3870),(6751, 9112),(6752, 3952),(6753, 2426),(6754, 275),(6755, 4097),(6756, 9662),(6757, 6017),(6758, 1100),(6759, 7452),(6760, 3957),(6761, 7430),(6762, 5281),(6763, 4115),(6764, 4733),(6765, 1321),(6766, 2404),(6767, 8059),(6768, 3084),(6769, 1245),(6770, 6971),(6771, 1119),(6772, 4685),(6773, 70),(6774, 6293),(6775, 1257),(6776, 7404),(6777, 3251),(6778, 4043),(6779, 464),(6780, 192),(6781, 9568),(6782, 7265),(6783, 7620),(6784, 6304),(6785, 8663),(6786, 4401),(6787, 6018),(6788, 6886),(6789, 6376),(6790, 1223),(6791, 6988),(6792, 1269),(6793, 5385),(6794, 3115),(6795, 9423),(6796, 7770),(6797, 579),(6798, 9589),(6799, 6207),(6800, 2268),(6801, 2721),(6802, 6800),(6803, 5839),(6804, 8796),(6805, 6461),(6806, 5919),(6807, 214),(6808, 3311),(6809, 5914),(6810, 9639),(6811, 452),(6812, 3343),(6813, 5358),(6814, 6764),(6815, 7745),(6816, 8435),(6817, 8941),(6818, 9402),(6819, 184),(6820, 2718),(6821, 3035),(6822, 7023),(6823, 6011),(6824, 8985),(6825, 6893),(6826, 7509),(6827, 6866),(6828, 1806),(6829, 8430),(6830, 6732),(6831, 8373),(6832, 1669),(6833, 3226),(6834, 1124),(6835, 5941),(6836, 6335),(6837, 3851),(6838, 251),(6839, 9701),(6840, 7755),(6841, 9673),(6842, 5098),(6843, 6473),(6844, 7069),(6845, 5929),(6846, 8439),(6847, 4407),(6848, 6719),(6849, 374),(6850, 1715),(6851, 7455),(6852, 2127),(6853, 8272),(6854, 4978),(6855, 76),(6856, 5448),(6857, 7011),(6858, 8713),(6859, 2529),(6860, 6510),(6861, 4963),(6862, 5283),(6863, 1528),(6864, 1793),(6865, 4382),(6866, 6530),(6867, 9506),(6868, 7938),(6869, 1173),(6870, 2050),(6871, 6732),(6872, 7512),(6873, 7364),(6874, 4284),(6875, 9328),(6876, 3787),(6877, 953),(6878, 3406),(6879, 4173),(6880, 644),(6881, 701),(6882, 1577),(6883, 5779),(6884, 4165),(6885, 3488),(6886, 4948),(6887, 4275),(6888, 6531),(6889, 9830),(6890, 9559),(6891, 8306),(6892, 2852),(6893, 9341),(6894, 8152),(6895, 2738),(6896, 9233),(6897, 7954),(6898, 2069),(6899, 6486),(6900, 6221),(6901, 1648),(6902, 9579),(6903, 2951),(6904, 6019),(6905, 1240),(6906, 8145),(6907, 7004),(6908, 587),(6909, 1924),(6910, 7858),(6911, 3521),(6912, 4031),(6913, 9591),(6914, 5862),(6915, 538),(6916, 5104),(6917, 3906),(6918, 4218),(6919, 9374),(6920, 4217),(6921, 2965),(6922, 2173),(6923, 1969),(6924, 3329),(6925, 739),(6926, 3709),(6927, 6328),(6928, 515),(6929, 3590),(6930, 6404),(6931, 1254),(6932, 7056),(6933, 1518),(6934, 6424),(6935, 7566),(6936, 8558),(6937, 92),(6938, 4785),(6939, 3653),(6940, 3907),(6941, 8579),(6942, 1173),(6943, 131),(6944, 7134),(6945, 5279),(6946, 4995),(6947, 9138),(6948, 703),(6949, 6105),(6950, 8413),(6951, 3752),(6952, 3520),(6953, 6347),(6954, 1176),(6955, 6837),(6956, 659),(6957, 2786),(6958, 1953),(6959, 1407),(6960, 1176),(6961, 1661),(6962, 4779),(6963, 8910),(6964, 215),(6965, 4343),(6966, 1071),(6967, 2329),(6968, 8429),(6969, 5162),(6970, 521),(6971, 7119),(6972, 4033),(6973, 8807),(6974, 1940),(6975, 3276),(6976, 563),(6977, 2988),(6978, 3250),(6979, 7286),(6980, 6683),(6981, 1555),(6982, 7726),(6983, 3965),(6984, 6647),(6985, 1343),(6986, 6772),(6987, 9830),(6988, 8838),(6989, 4699),(6990, 6983),(6991, 819),(6992, 3147),(6993, 3279),(6994, 6953),(6995, 4931),(6996, 3794),(6997, 4180),(6998, 9517),(6999, 5044),(7000, 6672),(7001, 8228),(7002, 1123),(7003, 932),(7004, 1290),(7005, 3656),(7006, 4408),(7007, 1076),(7008, 2154),(7009, 7544),(7010, 1258),(7011, 3658),(7012, 4516),(7013, 1608),(7014, 4490),(7015, 7628),(7016, 4670),(7017, 465),(7018, 8318),(7019, 196),(7020, 6024),(7021, 9536),(7022, 9605),(7023, 9418),(7024, 8277),(7025, 3130),(7026, 822),(7027, 4720),(7028, 1133),(7029, 1507),(7030, 4134),(7031, 6153),(7032, 8361),(7033, 3346),(7034, 1650),(7035, 8212),(7036, 6108),(7037, 5907),(7038, 1209),(7039, 8327),(7040, 8008),(7041, 5058),(7042, 1269),(7043, 1170),(7044, 2045),(7045, 6714),(7046, 7436),(7047, 7039),(7048, 2887),(7049, 3321),(7050, 7941),(7051, 9743),(7052, 4892),(7053, 5232),(7054, 1483),(7055, 1722),(7056, 4162),(7057, 5645),(7058, 5737),(7059, 1751),(7060, 1545),(7061, 2474),(7062, 7733),(7063, 1246),(7064, 3031),(7065, 1416),(7066, 7989),(7067, 5697),(7068, 4520),(7069, 5507),(7070, 3975),(7071, 3356),(7072, 4857),(7073, 4216),(7074, 6511),(7075, 9905),(7076, 9993),(7077, 252),(7078, 1281),(7079, 5650),(7080, 4408),(7081, 5090),(7082, 2224),(7083, 5854),(7084, 2597),(7085, 5423),(7086, 9325),(7087, 355),(7088, 3800),(7089, 7936),(7090, 8280),(7091, 7593),(7092, 3124),(7093, 2841),(7094, 4834),(7095, 5648),(7096, 3740),(7097, 1755),(7098, 7554),(7099, 2507),(7100, 9875),(7101, 1851),(7102, 9633),(7103, 2613),(7104, 4166),(7105, 2993),(7106, 2465),(7107, 3347),(7108, 9342),(7109, 6668),(7110, 5313),(7111, 6564),(7112, 6880),(7113, 4710),(7114, 2909),(7115, 418),(7116, 3363),(7117, 5560),(7118, 7710),(7119, 1874),(7120, 6239),(7121, 5576),(7122, 9160),(7123, 9075),(7124, 7893),(7125, 2242),(7126, 7529),(7127, 922),(7128, 2023),(7129, 7349),(7130, 676),(7131, 1336),(7132, 4650),(7133, 9243),(7134, 2264),(7135, 3592),(7136, 1168),(7137, 5064),(7138, 1818),(7139, 3897),(7140, 4033),(7141, 8473),(7142, 268),(7143, 5919),(7144, 8794),(7145, 6212),(7146, 4678),(7147, 4755),(7148, 9740),(7149, 4436),(7150, 2961),(7151, 1498),(7152, 8606),(7153, 8539),(7154, 6876),(7155, 8764),(7156, 3193),(7157, 9671),(7158, 8778),(7159, 4877),(7160, 8054),(7161, 5637),(7162, 4026),(7163, 3218),(7164, 4013),(7165, 413),(7166, 24),(7167, 8882),(7168, 4341),(7169, 5057),(7170, 2265),(7171, 6153),(7172, 3971),(7173, 1396),(7174, 5068),(7175, 1153),(7176, 561),(7177, 9348),(7178, 5055),(7179, 7231),(7180, 992),(7181, 3269),(7182, 3367),(7183, 7028),(7184, 5041),(7185, 4120),(7186, 5477),(7187, 5028),(7188, 8708),(7189, 8458),(7190, 6166),(7191, 5455),(7192, 8777),(7193, 7523),(7194, 1284),(7195, 3851),(7196, 5403),(7197, 5462),(7198, 1101),(7199, 9122),(7200, 2307),(7201, 4170),(7202, 3928),(7203, 7131),(7204, 3872),(7205, 7969),(7206, 8228),(7207, 7232),(7208, 1479),(7209, 5698),(7210, 4054),(7211, 3177),(7212, 3725),(7213, 9094),(7214, 4296),(7215, 4196),(7216, 8095),(7217, 7888),(7218, 5155),(7219, 2111),(7220, 5091),(7221, 9121),(7222, 334),(7223, 4308),(7224, 537),(7225, 9764),(7226, 7208),(7227, 6747),(7228, 2112),(7229, 319),(7230, 5259),(7231, 5338),(7232, 914),(7233, 8555),(7234, 35),(7235, 4511),(7236, 2452),(7237, 8726),(7238, 6273),(7239, 5188),(7240, 7122),(7241, 47),(7242, 8871),(7243, 4213),(7244, 4451),(7245, 9619),(7246, 4742),(7247, 4853),(7248, 40),(7249, 5641),(7250, 8087),(7251, 3511),(7252, 3293),(7253, 5933),(7254, 9788),(7255, 1140),(7256, 6338),(7257, 8269),(7258, 2333),(7259, 6856),(7260, 7282),(7261, 5841),(7262, 7363),(7263, 9291),(7264, 4368),(7265, 3967),(7266, 6732),(7267, 1757),(7268, 8592),(7269, 7688),(7270, 2667),(7271, 269),(7272, 3345),(7273, 5919),(7274, 9562),(7275, 54),(7276, 1584),(7277, 7756),(7278, 4031),(7279, 6886),(7280, 2337),(7281, 1028),(7282, 8131),(7283, 7570),(7284, 3459),(7285, 4587),(7286, 2555),(7287, 9016),(7288, 7414),(7289, 22),(7290, 7870),(7291, 9285),(7292, 2816),(7293, 6226),(7294, 2680),(7295, 4722),(7296, 5572),(7297, 3692),(7298, 1747),(7299, 7659),(7300, 3055),(7301, 2296),(7302, 2319),(7303, 4706),(7304, 6576),(7305, 8759),(7306, 4068),(7307, 4066),(7308, 8124),(7309, 8425),(7310, 7751),(7311, 3481),(7312, 4155),(7313, 330),(7314, 9188),(7315, 4947),(7316, 7174),(7317, 1029),(7318, 3624),(7319, 5033),(7320, 4291),(7321, 6360),(7322, 8928),(7323, 5558),(7324, 1008),(7325, 8367),(7326, 8812),(7327, 8961),(7328, 8366),(7329, 4949),(7330, 9649),(7331, 3398),(7332, 8043),(7333, 23),(7334, 5985),(7335, 9855),(7336, 1323),(7337, 7050),(7338, 1283),(7339, 5265),(7340, 2478),(7341, 6594),(7342, 5537),(7343, 7904),(7344, 2911),(7345, 840),(7346, 5471),(7347, 4832),(7348, 7751),(7349, 4256),(7350, 8029),(7351, 7377),(7352, 2801),(7353, 1871),(7354, 956),(7355, 9164),(7356, 2953),(7357, 7276),(7358, 7519),(7359, 5768),(7360, 6282),(7361, 4106),(7362, 1687),(7363, 6115),(7364, 5517),(7365, 9238),(7366, 9639),(7367, 482),(7368, 3493),(7369, 6018),(7370, 9614),(7371, 14),(7372, 1230),(7373, 6108),(7374, 6849),(7375, 5923),(7376, 9070),(7377, 7579),(7378, 686),(7379, 692),(7380, 1406),(7381, 4952),(7382, 542),(7383, 7856),(7384, 7652),(7385, 4696),(7386, 522),(7387, 8523),(7388, 1050),(7389, 9681),(7390, 5257),(7391, 7240),(7392, 433),(7393, 442),(7394, 913),(7395, 3238),(7396, 3450),(7397, 7540),(7398, 7350),(7399, 4131),(7400, 8604),(7401, 626),(7402, 7320),(7403, 4724),(7404, 1661),(7405, 4133),(7406, 5683),(7407, 6014),(7408, 3024),(7409, 7079),(7410, 6322),(7411, 374),(7412, 2906),(7413, 3406),(7414, 8315),(7415, 1354),(7416, 1829),(7417, 5081),(7418, 9921),(7419, 4360),(7420, 2040),(7421, 7121),(7422, 9486),(7423, 6066),(7424, 1874),(7425, 1171),(7426, 232),(7427, 7648),(7428, 7547),(7429, 4788),(7430, 1302),(7431, 2145),(7432, 6822),(7433, 7674),(7434, 7906),(7435, 6509),(7436, 8826),(7437, 4603),(7438, 6539),(7439, 8885),(7440, 4808),(7441, 7387),(7442, 2509),(7443, 386),(7444, 4404),(7445, 862),(7446, 1097),(7447, 2901),(7448, 1214),(7449, 7367),(7450, 3196),(7451, 3877),(7452, 9797),(7453, 7355),(7454, 7384),(7455, 4857),(7456, 2134),(7457, 6098),(7458, 4089),(7459, 2151),(7460, 8489),(7461, 5990),(7462, 4487),(7463, 4464),(7464, 8859),(7465, 903),(7466, 7940),(7467, 6990),(7468, 1132),(7469, 4689),(7470, 52),(7471, 6192),(7472, 805),(7473, 5449),(7474, 4831),(7475, 7808),(7476, 4548),(7477, 9317),(7478, 2941),(7479, 6756),(7480, 4956),(7481, 4514),(7482, 7702),(7483, 4966),(7484, 1727),(7485, 3736),(7486, 3499),(7487, 6289),(7488, 948),(7489, 5874),(7490, 6528),(7491, 5017),(7492, 5501),(7493, 2453),(7494, 5764),(7495, 1462),(7496, 17),(7497, 5702),(7498, 8457),(7499, 5180),(7500, 531),(7501, 7113),(7502, 3972),(7503, 8525),(7504, 707),(7505, 7959),(7506, 7676),(7507, 4504),(7508, 9490),(7509, 3942),(7510, 1238),(7511, 4365),(7512, 8113),(7513, 7468),(7514, 3002),(7515, 2607),(7516, 4027),(7517, 2318),(7518, 9509),(7519, 590),(7520, 4423),(7521, 345),(7522, 8456),(7523, 1246),(7524, 862),(7525, 575),(7526, 288),(7527, 9717),(7528, 7719),(7529, 9446),(7530, 4074),(7531, 2034),(7532, 7945),(7533, 3627),(7534, 4297),(7535, 607),(7536, 145),(7537, 8903),(7538, 4079),(7539, 3688),(7540, 6204),(7541, 9958),(7542, 1177),(7543, 6010),(7544, 6521),(7545, 4573),(7546, 3305),(7547, 2805),(7548, 4113),(7549, 2149),(7550, 8408),(7551, 5591),(7552, 2731),(7553, 6884),(7554, 6227),(7555, 484),(7556, 3741),(7557, 7252),(7558, 5039),(7559, 3438),(7560, 2074),(7561, 59),(7562, 4070),(7563, 173),(7564, 8657),(7565, 2764),(7566, 7853),(7567, 971),(7568, 1297),(7569, 3571),(7570, 3964),(7571, 9108),(7572, 3649),(7573, 923),(7574, 3668),(7575, 5571),(7576, 6853),(7577, 7552),(7578, 7200),(7579, 3344),(7580, 5121),(7581, 5573),(7582, 2503),(7583, 5798),(7584, 1482),(7585, 15),(7586, 5628),(7587, 8097),(7588, 3603),(7589, 3724),(7590, 7809),(7591, 7876),(7592, 5955),(7593, 6145),(7594, 2861),(7595, 5869),(7596, 766),(7597, 6220),(7598, 8804),(7599, 5361),(7600, 393),(7601, 5882),(7602, 8230),(7603, 3506),(7604, 2839),(7605, 3678),(7606, 9872),(7607, 8329),(7608, 2029),(7609, 5160),(7610, 9712),(7611, 3082),(7612, 6273),(7613, 2118),(7614, 1774),(7615, 2515),(7616, 7255),(7617, 8729),(7618, 1881),(7619, 3217),(7620, 443),(7621, 2564),(7622, 1491),(7623, 9763),(7624, 4341),(7625, 2420),(7626, 9075),(7627, 8118),(7628, 3364),(7629, 2465),(7630, 2236),(7631, 3785),(7632, 2218),(7633, 9733),(7634, 2012),(7635, 863),(7636, 8278),(7637, 8804),(7638, 9184),(7639, 9508),(7640, 9988),(7641, 1418),(7642, 7127),(7643, 1380),(7644, 5521),(7645, 3467),(7646, 770),(7647, 3448),(7648, 4934),(7649, 4326),(7650, 6826),(7651, 1153),(7652, 5289),(7653, 2984),(7654, 9057),(7655, 6331),(7656, 4487),(7657, 3440),(7658, 3742),(7659, 8390),(7660, 726),(7661, 8457),(7662, 110),(7663, 5177),(7664, 5556),(7665, 2251),(7666, 4585),(7667, 6174),(7668, 7116),(7669, 7057),(7670, 3938),(7671, 8519),(7672, 781),(7673, 8348),(7674, 9400),(7675, 1953),(7676, 1568),(7677, 1981),(7678, 5201),(7679, 63),(7680, 4713),(7681, 3375),(7682, 2739),(7683, 3570),(7684, 9634),(7685, 7458),(7686, 8390),(7687, 9578),(7688, 2720),(7689, 4868),(7690, 6178),(7691, 6285),(7692, 2895),(7693, 5619),(7694, 9411),(7695, 200),(7696, 2768),(7697, 3239),(7698, 7890),(7699, 9736),(7700, 5010),(7701, 5843),(7702, 4187),(7703, 3404),(7704, 4461),(7705, 2092),(7706, 7079),(7707, 9121),(7708, 4365),(7709, 4466),(7710, 9234),(7711, 2773),(7712, 6164),(7713, 2503),(7714, 4022),(7715, 2603),(7716, 947),(7717, 6927),(7718, 1794),(7719, 8190),(7720, 5567),(7721, 3266),(7722, 9630),(7723, 8353),(7724, 2875),(7725, 9317),(7726, 7959),(7727, 1844),(7728, 5343),(7729, 1185),(7730, 9894),(7731, 5919),(7732, 9912),(7733, 1803),(7734, 9279),(7735, 988),(7736, 7103),(7737, 2552),(7738, 1451),(7739, 9599),(7740, 3641),(7741, 9411),(7742, 6131),(7743, 2423),(7744, 3723),(7745, 1347),(7746, 5565),(7747, 3785),(7748, 2231),(7749, 9801),(7750, 2314),(7751, 2164),(7752, 3880),(7753, 2910),(7754, 2909),(7755, 5814),(7756, 344),(7757, 4278),(7758, 358),(7759, 8959),(7760, 3721),(7761, 1728),(7762, 7477),(7763, 2202),(7764, 8581),(7765, 6299),(7766, 5752),(7767, 9866),(7768, 2071),(7769, 758),(7770, 7579),(7771, 5622),(7772, 5371),(7773, 9991),(7774, 3843),(7775, 9242),(7776, 4681),(7777, 5680),(7778, 4356),(7779, 4740),(7780, 635),(7781, 8954),(7782, 2867),(7783, 7473),(7784, 8765),(7785, 1404),(7786, 727),(7787, 9424),(7788, 4938),(7789, 6420),(7790, 7286),(7791, 7169),(7792, 3990),(7793, 8444),(7794, 251),(7795, 5923),(7796, 8863),(7797, 6547),(7798, 6146),(7799, 1090),(7800, 7012),(7801, 1789),(7802, 7909),(7803, 4180),(7804, 7173),(7805, 3324),(7806, 5105),(7807, 5550),(7808, 2437),(7809, 5535),(7810, 365),(7811, 5222),(7812, 5013),(7813, 9401),(7814, 1965),(7815, 1624),(7816, 2223),(7817, 6247),(7818, 4563),(7819, 4076),(7820, 6690),(7821, 1222),(7822, 6043),(7823, 6549),(7824, 4614),(7825, 3426),(7826, 3288),(7827, 6161),(7828, 944),(7829, 6235),(7830, 8345),(7831, 3019),(7832, 60),(7833, 1243),(7834, 6034),(7835, 6445),(7836, 4122),(7837, 1274),(7838, 4007),(7839, 6211),(7840, 9033),(7841, 6536),(7842, 5582),(7843, 8302),(7844, 4765),(7845, 8921),(7846, 308),(7847, 4780),(7848, 2973),(7849, 529),(7850, 3726),(7851, 7041),(7852, 4029),(7853, 9023),(7854, 3026),(7855, 8064),(7856, 1243),(7857, 2024),(7858, 6392),(7859, 5888),(7860, 265),(7861, 3662),(7862, 7516),(7863, 6593),(7864, 419),(7865, 2316),(7866, 322),(7867, 4665),(7868, 2358),(7869, 7795),(7870, 1903),(7871, 6128),(7872, 4933),(7873, 6282),(7874, 6613),(7875, 4218),(7876, 1251),(7877, 3604),(7878, 4265),(7879, 516),(7880, 9785),(7881, 7377),(7882, 7531),(7883, 5522),(7884, 5021),(7885, 8537),(7886, 7622),(7887, 2502),(7888, 9642),(7889, 707),(7890, 4609),(7891, 922),(7892, 787),(7893, 1167),(7894, 3476),(7895, 3880),(7896, 8972),(7897, 3220),(7898, 9184),(7899, 6260),(7900, 3751),(7901, 9973),(7902, 8614),(7903, 3153),(7904, 9922),(7905, 151),(7906, 991),(7907, 4503),(7908, 9544),(7909, 4209),(7910, 2413),(7911, 9441),(7912, 9963),(7913, 1495),(7914, 7587),(7915, 3450),(7916, 4487),(7917, 2089),(7918, 6981),(7919, 8641),(7920, 2260),(7921, 5378),(7922, 111),(7923, 4420),(7924, 1769),(7925, 5583),(7926, 2611),(7927, 6305),(7928, 3692),(7929, 9545),(7930, 6652),(7931, 4623),(7932, 3163),(7933, 1943),(7934, 227),(7935, 5307),(7936, 5854),(7937, 3350),(7938, 9189),(7939, 5896),(7940, 1911),(7941, 1870),(7942, 3615),(7943, 2469),(7944, 1497),(7945, 79),(7946, 5906),(7947, 9294),(7948, 8750),(7949, 5870),(7950, 3099),(7951, 7885),(7952, 131),(7953, 6999),(7954, 4601),(7955, 2011),(7956, 6250),(7957, 5217),(7958, 7339),(7959, 1041),(7960, 3192),(7961, 2834),(7962, 4595),(7963, 4475),(7964, 8589),(7965, 9520),(7966, 1834),(7967, 612),(7968, 7556),(7969, 5945),(7970, 7057),(7971, 7450),(7972, 6082),(7973, 8061),(7974, 2057),(7975, 6102),(7976, 4341),(7977, 3398),(7978, 3969),(7979, 9649),(7980, 6341),(7981, 2759),(7982, 4773),(7983, 5589),(7984, 3624),(7985, 1353),(7986, 5893),(7987, 5407),(7988, 9357),(7989, 566),(7990, 4756),(7991, 2085),(7992, 6159),(7993, 4537),(7994, 4211),(7995, 7444),(7996, 4587),(7997, 603),(7998, 9254),(7999, 4464),(8000, 4556),(8001, 9391),(8002, 3285),(8003, 8252),(8004, 1408),(8005, 2284),(8006, 7194),(8007, 9121),(8008, 4023),(8009, 2753),(8010, 1695),(8011, 216),(8012, 5998),(8013, 9340),(8014, 8708),(8015, 5519),(8016, 1472),(8017, 806),(8018, 9611),(8019, 5640),(8020, 9365),(8021, 9906),(8022, 1437),(8023, 7466),(8024, 3019),(8025, 2700),(8026, 4442),(8027, 4109),(8028, 7223),(8029, 3785),(8030, 7259),(8031, 4939),(8032, 2919),(8033, 9779),(8034, 137),(8035, 1349),(8036, 6336),(8037, 7632),(8038, 9153),(8039, 2871),(8040, 6896),(8041, 5867),(8042, 8649),(8043, 5645),(8044, 2279),(8045, 4461),(8046, 5466),(8047, 3950),(8048, 3350),(8049, 4903),(8050, 4466),(8051, 7621),(8052, 4709),(8053, 679),(8054, 9272),(8055, 4322),(8056, 3795),(8057, 6008),(8058, 8655),(8059, 5251),(8060, 293),(8061, 5711),(8062, 7677),(8063, 1250),(8064, 3223),(8065, 2364),(8066, 2152),(8067, 3668),(8068, 1883),(8069, 8411),(8070, 6410),(8071, 6814),(8072, 4843),(8073, 3775),(8074, 4343),(8075, 392),(8076, 8931),(8077, 3480),(8078, 607),(8079, 2594),(8080, 1151),(8081, 7971),(8082, 6406),(8083, 8114),(8084, 1355),(8085, 2433),(8086, 8101),(8087, 3207),(8088, 1732),(8089, 9040),(8090, 5),(8091, 2904),(8092, 4505),(8093, 3813),(8094, 5553),(8095, 6324),(8096, 4961),(8097, 5836),(8098, 4297),(8099, 3979),(8100, 7001),(8101, 3071),(8102, 4354),(8103, 2555),(8104, 9714),(8105, 905),(8106, 5385),(8107, 4211),(8108, 4900),(8109, 1869),(8110, 4645),(8111, 7616),(8112, 4147),(8113, 7886),(8114, 6991),(8115, 1297),(8116, 5512),(8117, 3669),(8118, 1811),(8119, 8047),(8120, 4803),(8121, 9873),(8122, 4958),(8123, 5170),(8124, 978),(8125, 9379),(8126, 3963),(8127, 1677),(8128, 6496),(8129, 7451),(8130, 7766),(8131, 6478),(8132, 9091),(8133, 6022),(8134, 2839),(8135, 6129),(8136, 2130),(8137, 2262),(8138, 4919),(8139, 7813),(8140, 4305),(8141, 8089),(8142, 7528),(8143, 3376),(8144, 4295),(8145, 1348),(8146, 3855),(8147, 5232),(8148, 4597),(8149, 7290),(8150, 2657),(8151, 1418),(8152, 9118),(8153, 1336),(8154, 9325),(8155, 2620),(8156, 5124),(8157, 7760),(8158, 3427),(8159, 3858),(8160, 9007),(8161, 3463),(8162, 296),(8163, 1090),(8164, 4561),(8165, 9539),(8166, 4009),(8167, 1432),(8168, 5131),(8169, 1362),(8170, 1417),(8171, 3000),(8172, 749),(8173, 4745),(8174, 1478),(8175, 3158),(8176, 1354),(8177, 7298),(8178, 2428),(8179, 248),(8180, 3955),(8181, 9032),(8182, 3297),(8183, 9388),(8184, 7050),(8185, 7086),(8186, 4280),(8187, 143),(8188, 7877),(8189, 8954),(8190, 1141),(8191, 8844),(8192, 795),(8193, 7445),(8194, 4839),(8195, 1862),(8196, 4792),(8197, 8377),(8198, 7508),(8199, 2409),(8200, 9520),(8201, 376),(8202, 3321),(8203, 5477),(8204, 7424),(8205, 688),(8206, 1167),(8207, 3774),(8208, 5371),(8209, 5530),(8210, 1540),(8211, 1108),(8212, 923),(8213, 1289),(8214, 3676),(8215, 4514),(8216, 1544),(8217, 4178),(8218, 6257),(8219, 8753),(8220, 4995),(8221, 8717),(8222, 8598),(8223, 6840),(8224, 8409),(8225, 1524),(8226, 2392),(8227, 7389),(8228, 9768),(8229, 6676),(8230, 4074),(8231, 344),(8232, 9498),(8233, 6460),(8234, 3806),(8235, 9650),(8236, 6834),(8237, 5219),(8238, 5596),(8239, 2321),(8240, 4818),(8241, 7129),(8242, 1192),(8243, 4570),(8244, 9278),(8245, 2679),(8246, 5563),(8247, 9780),(8248, 2209),(8249, 1704),(8250, 1895),(8251, 4363),(8252, 6133),(8253, 7573),(8254, 9470),(8255, 4629),(8256, 4737),(8257, 9797),(8258, 4776),(8259, 4488),(8260, 8113),(8261, 7103),(8262, 1176),(8263, 4571),(8264, 9329),(8265, 2933),(8266, 6679),(8267, 4595),(8268, 2937),(8269, 902),(8270, 5701),(8271, 5799),(8272, 1894),(8273, 2070),(8274, 4672),(8275, 7147),(8276, 1723),(8277, 7173),(8278, 697),(8279, 1965),(8280, 7736),(8281, 2785),(8282, 717),(8283, 5233),(8284, 4012),(8285, 4361),(8286, 9769),(8287, 5763),(8288, 9507),(8289, 248),(8290, 2718),(8291, 2846),(8292, 6079),(8293, 1855),(8294, 1037),(8295, 9624),(8296, 5008),(8297, 6167),(8298, 5812),(8299, 562),(8300, 5372),(8301, 5174),(8302, 9755),(8303, 3256),(8304, 7013),(8305, 5299),(8306, 5455),(8307, 1381),(8308, 539),(8309, 8551),(8310, 1139),(8311, 43),(8312, 6798),(8313, 3861),(8314, 8911),(8315, 2973),(8316, 8132),(8317, 1743),(8318, 4320),(8319, 6372),(8320, 8901),(8321, 5389),(8322, 241),(8323, 5039),(8324, 4473),(8325, 7247),(8326, 2818),(8327, 2351),(8328, 3299),(8329, 9444),(8330, 7325),(8331, 8292),(8332, 9485),(8333, 2548),(8334, 4287),(8335, 3792),(8336, 6100),(8337, 9122),(8338, 7311),(8339, 9190),(8340, 4018),(8341, 2520),(8342, 546),(8343, 5170),(8344, 4215),(8345, 5564),(8346, 5175),(8347, 9185),(8348, 398),(8349, 4436),(8350, 986),(8351, 1621),(8352, 5150),(8353, 885),(8354, 8976),(8355, 2228),(8356, 4211),(8357, 4371),(8358, 9225),(8359, 3010),(8360, 7375),(8361, 7846),(8362, 7105),(8363, 1989),(8364, 8629),(8365, 7178),(8366, 5),(8367, 8493),(8368, 2449),(8369, 6769),(8370, 6495),(8371, 2170),(8372, 1364),(8373, 309),(8374, 7457),(8375, 6358),(8376, 9419),(8377, 8023),(8378, 1856),(8379, 5212),(8380, 494),(8381, 6832),(8382, 2681),(8383, 2908),(8384, 6496),(8385, 3759),(8386, 9307),(8387, 5259),(8388, 8373),(8389, 6090),(8390, 5332),(8391, 8391),(8392, 5958),(8393, 4618),(8394, 5215),(8395, 2222),(8396, 5466),(8397, 664),(8398, 6924),(8399, 2627),(8400, 2365),(8401, 3943),(8402, 2619),(8403, 1270),(8404, 8492),(8405, 8652),(8406, 7782),(8407, 2955),(8408, 1429),(8409, 8280),(8410, 7116),(8411, 738),(8412, 2345),(8413, 9509),(8414, 511),(8415, 4029),(8416, 8613),(8417, 978),(8418, 9050),(8419, 2317),(8420, 4438),(8421, 5236),(8422, 2869),(8423, 8638),(8424, 4583),(8425, 6999),(8426, 1250),(8427, 5253),(8428, 2513),(8429, 6807),(8430, 6497),(8431, 2066),(8432, 836),(8433, 7986),(8434, 7421),(8435, 3146),(8436, 3468),(8437, 7901),(8438, 9103),(8439, 1814),(8440, 1762),(8441, 3369),(8442, 1560),(8443, 7691),(8444, 3778),(8445, 5817),(8446, 7751),(8447, 1305),(8448, 3270),(8449, 2438),(8450, 2381),(8451, 4591),(8452, 5813),(8453, 5292),(8454, 9023),(8455, 9238),(8456, 9123),(8457, 7899),(8458, 2127),(8459, 6940),(8460, 8321),(8461, 783),(8462, 8952),(8463, 2412),(8464, 5205),(8465, 8791),(8466, 8340),(8467, 5327),(8468, 1613),(8469, 2088),(8470, 5600),(8471, 1739),(8472, 1892),(8473, 4246),(8474, 5553),(8475, 5027),(8476, 8479),(8477, 7314),(8478, 1132),(8479, 3720),(8480, 5202),(8481, 4853),(8482, 8659),(8483, 8738),(8484, 7711),(8485, 2343),(8486, 8584),(8487, 5891),(8488, 3703),(8489, 843),(8490, 3104),(8491, 2995),(8492, 5661),(8493, 9322),(8494, 9626),(8495, 165),(8496, 1947),(8497, 9241),(8498, 365),(8499, 4102),(8500, 9414),(8501, 4765),(8502, 5583),(8503, 3623),(8504, 1366),(8505, 5963),(8506, 5714),(8507, 683),(8508, 6274),(8509, 9320),(8510, 7777),(8511, 928),(8512, 1311),(8513, 3770),(8514, 4917),(8515, 3274),(8516, 1623),(8517, 8291),(8518, 6587),(8519, 8065),(8520, 562),(8521, 8614),(8522, 1386),(8523, 1088),(8524, 1281),(8525, 3142),(8526, 1867),(8527, 9909),(8528, 3947),(8529, 8),(8530, 8198),(8531, 968),(8532, 248),(8533, 8334),(8534, 926),(8535, 9630),(8536, 5373),(8537, 7976),(8538, 3761),(8539, 4876),(8540, 3099),(8541, 869),(8542, 5048),(8543, 2631),(8544, 8013),(8545, 2174),(8546, 6829),(8547, 7624),(8548, 7632),(8549, 5291),(8550, 3557),(8551, 1913),(8552, 8897),(8553, 8744),(8554, 7029),(8555, 8914),(8556, 3484),(8557, 678),(8558, 2937),(8559, 2652),(8560, 4451),(8561, 4300),(8562, 8147),(8563, 7837),(8564, 4742),(8565, 200),(8566, 6775),(8567, 3277),(8568, 6059),(8569, 464),(8570, 4142),(8571, 9321),(8572, 4180),(8573, 2938),(8574, 2148),(8575, 1926),(8576, 3187),(8577, 160),(8578, 1237),(8579, 5708),(8580, 4827),(8581, 7013),(8582, 585),(8583, 1884),(8584, 7668),(8585, 2689),(8586, 439),(8587, 4131),(8588, 9336),(8589, 4290),(8590, 3442),(8591, 4338),(8592, 1367),(8593, 3822),(8594, 5007),(8595, 3570),(8596, 2831),(8597, 3446),(8598, 8737),(8599, 3346),(8600, 519),(8601, 2560),(8602, 1242),(8603, 8533),(8604, 8936),(8605, 9084),(8606, 8613),(8607, 5811),(8608, 3217),(8609, 8651),(8610, 3607),(8611, 2083),(8612, 9596),(8613, 1729),(8614, 9856),(8615, 4097),(8616, 914),(8617, 2281),(8618, 8664),(8619, 6478),(8620, 6400),(8621, 2564),(8622, 3620),(8623, 409),(8624, 1185),(8625, 4699),(8626, 9942),(8627, 5612),(8628, 8235),(8629, 4340),(8630, 6995),(8631, 1957),(8632, 8800),(8633, 8128),(8634, 4240),(8635, 6815),(8636, 1359),(8637, 6350),(8638, 7672),(8639, 9311),(8640, 3541),(8641, 9770),(8642, 8228),(8643, 1831),(8644, 4473),(8645, 6870),(8646, 932),(8647, 4052),(8648, 7463),(8649, 5158),(8650, 3404),(8651, 1544),(8652, 7508),(8653, 2910),(8654, 2028),(8655, 1409),(8656, 961),(8657, 579),(8658, 12),(8659, 8324),(8660, 1583),(8661, 2944),(8662, 9970),(8663, 1019),(8664, 5185),(8665, 2871),(8666, 8797),(8667, 5376),(8668, 488),(8669, 6314),(8670, 104),(8671, 1577),(8672, 7577),(8673, 3154),(8674, 3040),(8675, 5739),(8676, 9575),(8677, 657),(8678, 4561),(8679, 836),(8680, 498),(8681, 9980),(8682, 8406),(8683, 2091),(8684, 5238),(8685, 9917),(8686, 3872),(8687, 9610),(8688, 6432),(8689, 3334),(8690, 7372),(8691, 6860),(8692, 2186),(8693, 349),(8694, 5190),(8695, 4900),(8696, 8933),(8697, 9966),(8698, 3029),(8699, 5247),(8700, 7149),(8701, 3),(8702, 8570),(8703, 2842),(8704, 8501),(8705, 3977),(8706, 4384),(8707, 9988),(8708, 6791),(8709, 3990),(8710, 9576),(8711, 5911),(8712, 829),(8713, 6413),(8714, 9579),(8715, 8656),(8716, 4543),(8717, 6746),(8718, 101),(8719, 267),(8720, 1036),(8721, 4376),(8722, 8773),(8723, 740),(8724, 7380),(8725, 4678),(8726, 1254),(8727, 2237),(8728, 7422),(8729, 399),(8730, 9728),(8731, 7445),(8732, 8041),(8733, 7871),(8734, 5234),(8735, 2556),(8736, 7078),(8737, 7725),(8738, 7390),(8739, 3776),(8740, 6710),(8741, 2223),(8742, 985),(8743, 8257),(8744, 8328),(8745, 6873),(8746, 9379),(8747, 6277),(8748, 3250),(8749, 7417),(8750, 7335),(8751, 4424),(8752, 116),(8753, 7308),(8754, 6193),(8755, 9042),(8756, 6631),(8757, 6028),(8758, 249),(8759, 3162),(8760, 5062),(8761, 5824),(8762, 3934),(8763, 2198),(8764, 9187),(8765, 9345),(8766, 9165),(8767, 7788),(8768, 1447),(8769, 3870),(8770, 5011),(8771, 3444),(8772, 2187),(8773, 603),(8774, 6454),(8775, 462),(8776, 2947),(8777, 3351),(8778, 7914),(8779, 9519),(8780, 3855),(8781, 715),(8782, 2013),(8783, 7921),(8784, 3565),(8785, 4063),(8786, 9621),(8787, 5914),(8788, 710),(8789, 5807),(8790, 6905),(8791, 7107),(8792, 4821),(8793, 2782),(8794, 9450),(8795, 8902),(8796, 6161),(8797, 4102),(8798, 2025),(8799, 7818),(8800, 3018),(8801, 1638),(8802, 9133),(8803, 754),(8804, 6369),(8805, 9586),(8806, 8822),(8807, 5354),(8808, 302),(8809, 5450),(8810, 6344),(8811, 5371),(8812, 7825),(8813, 3012),(8814, 1584),(8815, 8884),(8816, 9671),(8817, 1701),(8818, 9492),(8819, 2358),(8820, 3316),(8821, 9507),(8822, 7586),(8823, 9411),(8824, 4295),(8825, 3242),(8826, 3328),(8827, 6914),(8828, 4586),(8829, 2188),(8830, 7184),(8831, 9355),(8832, 5224),(8833, 8055),(8834, 4602),(8835, 8846),(8836, 425),(8837, 5586),(8838, 6658),(8839, 6533),(8840, 2691),(8841, 3855),(8842, 1203),(8843, 4450),(8844, 8641),(8845, 9856),(8846, 3360),(8847, 7230),(8848, 6069),(8849, 8658),(8850, 5082),(8851, 9438),(8852, 1943),(8853, 1403),(8854, 1186),(8855, 1723),(8856, 5056),(8857, 113),(8858, 5398),(8859, 6652),(8860, 7067),(8861, 5378),(8862, 5689),(8863, 2310),(8864, 4485),(8865, 5496),(8866, 4024),(8867, 3634),(8868, 6098),(8869, 9588),(8870, 9646),(8871, 9468),(8872, 8402),(8873, 3608),(8874, 2835),(8875, 3352),(8876, 8254),(8877, 1215),(8878, 1312),(8879, 2915),(8880, 639),(8881, 4450),(8882, 334),(8883, 8319),(8884, 594),(8885, 8015),(8886, 8294),(8887, 7425),(8888, 2244),(8889, 8944),(8890, 7991),(8891, 3120),(8892, 1630),(8893, 8788),(8894, 9052),(8895, 8896),(8896, 7325),(8897, 9937),(8898, 7713),(8899, 8752),(8900, 622),(8901, 6853),(8902, 2402),(8903, 1452),(8904, 54),(8905, 5915),(8906, 9412),(8907, 9314),(8908, 8336),(8909, 3739),(8910, 3686),(8911, 7212),(8912, 5006),(8913, 3393),(8914, 1950),(8915, 9568),(8916, 1992),(8917, 1256),(8918, 305),(8919, 7756),(8920, 7864),(8921, 6056),(8922, 6688),(8923, 5273),(8924, 6303),(8925, 5694),(8926, 9560),(8927, 721),(8928, 4923),(8929, 2455),(8930, 7504),(8931, 157),(8932, 8272),(8933, 890),(8934, 9635),(8935, 5506),(8936, 8625),(8937, 6608),(8938, 7166),(8939, 6008),(8940, 8540),(8941, 4677),(8942, 7767),(8943, 4803),(8944, 717),(8945, 9174),(8946, 3722),(8947, 1087),(8948, 4268),(8949, 8081),(8950, 7602),(8951, 3767),(8952, 6029),(8953, 8844),(8954, 6133),(8955, 4133),(8956, 2268),(8957, 8942),(8958, 7908),(8959, 2712),(8960, 9835),(8961, 1041),(8962, 5702),(8963, 5388),(8964, 9835),(8965, 3012),(8966, 5555),(8967, 8741),(8968, 7039),(8969, 8972),(8970, 3743),(8971, 1802),(8972, 7779),(8973, 3490),(8974, 4115),(8975, 104),(8976, 8175),(8977, 564),(8978, 8296),(8979, 9789),(8980, 4055),(8981, 910),(8982, 2386),(8983, 9201),(8984, 8846),(8985, 6626),(8986, 6596),(8987, 3099),(8988, 5709),(8989, 9250),(8990, 9120),(8991, 7854),(8992, 1908),(8993, 5980),(8994, 4175),(8995, 2935),(8996, 2152),(8997, 1954),(8998, 3314),(8999, 710),(9000, 3609),(9001, 5913),(9002, 8741),(9003, 5965),(9004, 3604),(9005, 123),(9006, 9805),(9007, 8657),(9008, 3870),(9009, 3379),(9010, 5285),(9011, 6290),(9012, 5593),(9013, 9098),(9014, 8712),(9015, 6265),(9016, 5188),(9017, 7147),(9018, 170),(9019, 9410),(9020, 6541),(9021, 4476),(9022, 2759),(9023, 366),(9024, 3556),(9025, 6679),(9026, 2731),(9027, 3616),(9028, 9890),(9029, 8599),(9030, 3328),(9031, 845),(9032, 4240),(9033, 8664),(9034, 601),(9035, 7013),(9036, 3263),(9037, 5278),(9038, 6599),(9039, 7164),(9040, 6021),(9041, 8615),(9042, 5014),(9043, 9223),(9044, 1076),(9045, 7712),(9046, 5331),(9047, 3521),(9048, 1613),(9049, 7503),(9050, 2675),(9051, 868),(9052, 6316),(9053, 8976),(9054, 5932),(9055, 2731),(9056, 5860),(9057, 1107),(9058, 7955),(9059, 6457),(9060, 8418),(9061, 2721),(9062, 8350),(9063, 3588),(9064, 2890),(9065, 3685),(9066, 9757),(9067, 7730),(9068, 9378),(9069, 3701),(9070, 370),(9071, 749),(9072, 2637),(9073, 937),(9074, 6775),(9075, 1065),(9076, 4998),(9077, 1797),(9078, 3992),(9079, 4567),(9080, 863),(9081, 611),(9082, 468),(9083, 509),(9084, 1142),(9085, 4182),(9086, 7484),(9087, 4874),(9088, 1917),(9089, 4967),(9090, 9081),(9091, 508),(9092, 5294),(9093, 4948),(9094, 8860),(9095, 9454),(9096, 691),(9097, 5093),(9098, 3391),(9099, 1679),(9100, 8222),(9101, 6074),(9102, 5703),(9103, 293),(9104, 4359),(9105, 914),(9106, 1493),(9107, 4726),(9108, 9152),(9109, 1583),(9110, 460),(9111, 7551),(9112, 6374),(9113, 9219),(9114, 6971),(9115, 7200),(9116, 5089),(9117, 3843),(9118, 3949),(9119, 8216),(9120, 9233),(9121, 1517),(9122, 9886),(9123, 4879),(9124, 4739),(9125, 9059),(9126, 1077),(9127, 8207),(9128, 7807),(9129, 4414),(9130, 8650),(9131, 9),(9132, 4094),(9133, 446),(9134, 9946),(9135, 8393),(9136, 2126),(9137, 5452),(9138, 884),(9139, 8063),(9140, 7663),(9141, 4126),(9142, 7643),(9143, 5836),(9144, 6253),(9145, 3755),(9146, 19),(9147, 8828),(9148, 4085),(9149, 3943),(9150, 7460),(9151, 5472),(9152, 4981),(9153, 8488),(9154, 7500),(9155, 2035),(9156, 7678),(9157, 2282),(9158, 8379),(9159, 5050),(9160, 112),(9161, 5410),(9162, 6714),(9163, 7343),(9164, 6574),(9165, 838),(9166, 4472),(9167, 9844),(9168, 5804),(9169, 9491),(9170, 43),(9171, 1742),(9172, 8580),(9173, 7676),(9174, 2640),(9175, 171),(9176, 2935),(9177, 4163),(9178, 2012),(9179, 7572),(9180, 1825),(9181, 6410),(9182, 6575),(9183, 3645),(9184, 8501),(9185, 1569),(9186, 2343),(9187, 7010),(9188, 8022),(9189, 9078),(9190, 1327),(9191, 9401),(9192, 3023),(9193, 6912),(9194, 5492),(9195, 6724),(9196, 7146),(9197, 5557),(9198, 6350),(9199, 5077),(9200, 6335),(9201, 6445),(9202, 3221),(9203, 6772),(9204, 4198),(9205, 675),(9206, 779),(9207, 1871),(9208, 7018),(9209, 9480),(9210, 6343),(9211, 3278),(9212, 7362),(9213, 6974),(9214, 2787),(9215, 3015),(9216, 6711),(9217, 4511),(9218, 2422),(9219, 8578),(9220, 5624),(9221, 2386),(9222, 5060),(9223, 8141),(9224, 5525),(9225, 3204),(9226, 9445),(9227, 7614),(9228, 9734),(9229, 5830),(9230, 9948),(9231, 2249),(9232, 1403),(9233, 266),(9234, 7125),(9235, 4827),(9236, 2759),(9237, 9315),(9238, 8299),(9239, 3550),(9240, 2852),(9241, 3610),(9242, 9498),(9243, 6658),(9244, 4796),(9245, 4009),(9246, 5655),(9247, 6250),(9248, 4283),(9249, 2668),(9250, 490),(9251, 4446),(9252, 760),(9253, 462),(9254, 32),(9255, 8775),(9256, 3779),(9257, 2568),(9258, 1507),(9259, 9829),(9260, 4626),(9261, 3644),(9262, 4342),(9263, 778),(9264, 867),(9265, 1999),(9266, 7396),(9267, 984),(9268, 2730),(9269, 698),(9270, 5302),(9271, 4416),(9272, 6175),(9273, 7628),(9274, 9614),(9275, 5187),(9276, 7094),(9277, 9911),(9278, 8271),(9279, 1623),(9280, 3303),(9281, 1644),(9282, 8314),(9283, 6640),(9284, 8255),(9285, 1359),(9286, 2027),(9287, 6061),(9288, 4225),(9289, 2940),(9290, 2027),(9291, 1313),(9292, 487),(9293, 8494),(9294, 1011),(9295, 9571),(9296, 4825),(9297, 5414),(9298, 2593),(9299, 6725),(9300, 5847),(9301, 9058),(9302, 7751),(9303, 1582),(9304, 4658),(9305, 8544),(9306, 8747),(9307, 8104),(9308, 4280),(9309, 7089),(9310, 2603),(9311, 1750),(9312, 942),(9313, 9460),(9314, 4474),(9315, 3989),(9316, 6524),(9317, 654),(9318, 3699),(9319, 6535),(9320, 1576),(9321, 8278),(9322, 6663),(9323, 8481),(9324, 2417),(9325, 6642),(9326, 5960),(9327, 9873),(9328, 1486),(9329, 7813),(9330, 4606),(9331, 9594),(9332, 4150),(9333, 1970),(9334, 7400),(9335, 1092),(9336, 3260),(9337, 3023),(9338, 5336),(9339, 7612),(9340, 2052),(9341, 7424),(9342, 965),(9343, 2555),(9344, 9879),(9345, 1731),(9346, 9017),(9347, 9894),(9348, 2421),(9349, 2421),(9350, 4845),(9351, 6960),(9352, 266),(9353, 451),(9354, 1456),(9355, 5928),(9356, 5272),(9357, 8577),(9358, 7072),(9359, 9626),(9360, 6915),(9361, 5698),(9362, 7747),(9363, 1640),(9364, 4959),(9365, 9876),(9366, 4502),(9367, 2884),(9368, 916),(9369, 5926),(9370, 6882),(9371, 6633),(9372, 2520),(9373, 2699),(9374, 5939),(9375, 1595),(9376, 161),(9377, 6019),(9378, 9615),(9379, 15),(9380, 1233),(9381, 6121),(9382, 6908),(9383, 6174),(9384, 149),(9385, 2222),(9386, 665),(9387, 6659),(9388, 1301),(9389, 6526),(9390, 8729),(9391, 4069),(9392, 4159),(9393, 8589),(9394, 469),(9395, 6575),(9396, 1471),(9397, 7631),(9398, 3741),(9399, 5813),(9400, 7843),(9401, 1778),(9402, 5359),(9403, 1462),(9404, 1236),(9405, 1791),(9406, 5249),(9407, 873),(9408, 8616),(9409, 464),(9410, 6473),(9411, 974),(9412, 5450),(9413, 4328),(9414, 5290),(9415, 3468),(9416, 1469),(9417, 6943),(9418, 306),(9419, 703),(9420, 2598),(9421, 880),(9422, 6607),(9423, 396),(9424, 2159),(9425, 9609),(9426, 1567),(9427, 9009),(9428, 342),(9429, 4687),(9430, 2407),(9431, 7974),(9432, 2650),(9433, 9327),(9434, 8686),(9435, 5449),(9436, 1187),(9437, 9587),(9438, 4378),(9439, 3129),(9440, 2510),(9441, 3165),(9442, 8293),(9443, 1971),(9444, 4977),(9445, 8973),(9446, 9933),(9447, 2745),(9448, 3929),(9449, 1410),(9450, 5265),(9451, 2095),(9452, 4682),(9453, 7124),(9454, 1574),(9455, 6500),(9456, 7778),(9457, 9391),(9458, 3619),(9459, 9924),(9460, 8765),(9461, 4053),(9462, 3971),(9463, 7696),(9464, 6568),(9465, 9754),(9466, 9063),(9467, 6056),(9468, 3092),(9469, 7292),(9470, 7183),(9471, 4042),(9472, 8659),(9473, 1170),(9474, 9875),(9475, 5864),(9476, 9694),(9477, 882),(9478, 5326),(9479, 3987),(9480, 3956),(9481, 7820),(9482, 7231),(9483, 2696),(9484, 1786),(9485, 843),(9486, 8856),(9487, 1755),(9488, 2206),(9489, 5764),(9490, 2204),(9491, 3726),(9492, 2022),(9493, 8931),(9494, 8590),(9495, 6155),(9496, 5008),(9497, 6574),(9498, 7846),(9499, 9508),(9500, 4003),(9501, 1494),(9502, 5458),(9503, 2810),(9504, 7675),(9505, 9945),(9506, 6700),(9507, 3666),(9508, 8229),(9509, 148),(9510, 6054),(9511, 9828),(9512, 977),(9513, 5400),(9514, 4073),(9515, 4162),(9516, 8594),(9517, 483),(9518, 6633),(9519, 1716),(9520, 8682),(9521, 8263),(9522, 5270),(9523, 1563),(9524, 2004),(9525, 5330),(9526, 641),(9527, 7214),(9528, 4147),(9529, 9093),(9530, 3027),(9531, 7853),(9532, 187),(9533, 7375),(9534, 6317),(9535, 9459),(9536, 8346),(9537, 3351),(9538, 1718),(9539, 8538),(9540, 7535),(9541, 2062),(9542, 7704),(9543, 2337),(9544, 8574),(9545, 5859),(9546, 3571),(9547, 280),(9548, 689),(9549, 2603),(9550, 949),(9551, 6939),(9552, 1846),(9553, 8412),(9554, 6525),(9555, 7391),(9556, 7379),(9557, 4722),(9558, 1472),(9559, 3198),(9560, 1573),(9561, 8270),(9562, 6631),(9563, 8345),(9564, 1834),(9565, 4136),(9566, 5178),(9567, 3484),(9568, 1888),(9569, 8985),(9570, 9261),(9571, 9353),(9572, 8983),(9573, 6854),(9574, 7323),(9575, 6054),(9576, 8301),(9577, 3345),(9578, 1820),(9579, 9065),(9580, 9867),(9581, 2142),(9582, 1108),(9583, 9114),(9584, 2248),(9585, 3900),(9586, 2754),(9587, 2072),(9588, 2098),(9589, 4273),(9590, 5072),(9591, 2541),(9592, 7490),(9593, 9829),(9594, 6675),(9595, 3887),(9596, 9410),(9597, 5391),(9598, 8726),(9599, 7457),(9600, 1107),(9601, 3165),(9602, 2505),(9603, 3031),(9604, 7638),(9605, 9098),(9606, 2578),(9607, 5595),(9608, 243),(9609, 4428),(9610, 1414),(9611, 3785),(9612, 4686),(9613, 2074),(9614, 6315),(9615, 5350),(9616, 7806),(9617, 2979),(9618, 1480),(9619, 8461),(9620, 7869),(9621, 3960),(9622, 6194),(9623, 9089),(9624, 6867),(9625, 7066),(9626, 4729),(9627, 2449),(9628, 8057),(9629, 2938),(9630, 520),(9631, 3785),(9632, 7368),(9633, 5484),(9634, 5319),(9635, 140),(9636, 4745),(9637, 3307),(9638, 2298),(9639, 1569),(9640, 953),(9641, 58),(9642, 7431),(9643, 6981),(9644, 2615),(9645, 2132),(9646, 2814),(9647, 7674),(9648, 9928),(9649, 6619),(9650, 3313),(9651, 6707),(9652, 3599),(9653, 7872),(9654, 8566),(9655, 9212),(9656, 364),(9657, 4185),(9658, 9832),(9659, 6605),(9660, 3531),(9661, 7838),(9662, 8600),(9663, 9486),(9664, 1629),(9665, 9687),(9666, 3551),(9667, 8694),(9668, 2815),(9669, 7997),(9670, 1539),(9671, 3706),(9672, 3915),(9673, 8454),(9674, 525),(9675, 7267),(9676, 4757),(9677, 1985),(9678, 5655),(9679, 2320),(9680, 4635),(9681, 6217),(9682, 7178),(9683, 7242),(9684, 4674),(9685, 1648),(9686, 4216),(9687, 6136),(9688, 8032),(9689, 1754),(9690, 4674),(9691, 8110),(9692, 6527),(9693, 8304),(9694, 1940),(9695, 4791),(9696, 8134),(9697, 6298),(9698, 7088),(9699, 6545),(9700, 1462),(9701, 7675),(9702, 3992),(9703, 6934),(9704, 2694),(9705, 2669),(9706, 5264),(9707, 8313),(9708, 5774),(9709, 3932),(9710, 2340),(9711, 9902),(9712, 2490),(9713, 2745),(9714, 6255),(9715, 3041),(9716, 6442),(9717, 3087),(9718, 6110),(9719, 1289),(9720, 8114),(9721, 6703),(9722, 9173),(9723, 5759),(9724, 1276),(9725, 9103),(9726, 1686),(9727, 1123),(9728, 557),(9729, 9417),(9730, 5413),(9731, 8817),(9732, 7847),(9733, 2781),(9734, 368),(9735, 3497),(9736, 6379),(9737, 1406),(9738, 7892),(9739, 5243),(9740, 2542),(9741, 6979),(9742, 7270),(9743, 5413),(9744, 5256),(9745, 44),(9746, 4449),(9747, 2113),(9748, 7219),(9749, 9759),(9750, 7137),(9751, 6408),(9752, 632),(9753, 3935),(9754, 7779),(9755, 7092),(9756, 2122),(9757, 9336),(9758, 315),(9759, 3566),(9760, 6887),(9761, 3738),(9762, 8029),(9763, 8929),(9764, 562),(9765, 6021),(9766, 8419),(9767, 4034),(9768, 4914),(9769, 2470),(9770, 7605),(9771, 619),(9772, 278),(9773, 9535),(9774, 6842),(9775, 5604),(9776, 7494),(9777, 661),(9778, 822),(9779, 2126),(9780, 8167),(9781, 4455),(9782, 7777),(9783, 5520),(9784, 4271),(9785, 4795),(9786, 1160),(9787, 1416),(9788, 3602),(9789, 3762),(9790, 8006),(9791, 8744),(9792, 9702),(9793, 2277),(9794, 2281),(9795, 4575),(9796, 6031),(9797, 6430),(9798, 4057),(9799, 997),(9800, 2815),(9801, 1083),(9802, 6970),(9803, 1604),(9804, 7109),(9805, 733),(9806, 2340),(9807, 9500),(9808, 483),(9809, 3914),(9810, 8120),(9811, 8860),(9812, 9941),(9813, 3126),(9814, 5808),(9815, 9660),(9816, 876),(9817, 5402),(9818, 4381),(9819, 5699),(9820, 5352),(9821, 9666),(9822, 2274),(9823, 2372),(9824, 5040),(9825, 8082),(9826, 5292),(9827, 2215),(9828, 5200),(9829, 9354),(9830, 1173),(9831, 7801),(9832, 5485),(9833, 4025),(9834, 3669),(9835, 6271),(9836, 350),(9837, 2938),(9838, 3640),(9839, 9385),(9840, 6005),(9841, 1870),(9842, 1336),(9843, 1069),(9844, 1338),(9845, 3482),(9846, 3399),(9847, 6547),(9848, 2541),(9849, 3062),(9850, 7687),(9851, 9251),(9852, 3196),(9853, 8227),(9854, 1547),(9855, 3055),(9856, 633),(9857, 4003),(9858, 8117),(9859, 8576),(9860, 8528),(9861, 6915),(9862, 8989),(9863, 4200),(9864, 4034),(9865, 7573),(9866, 5761),(9867, 6086),(9868, 3148),(9869, 7484),(9870, 7975),(9871, 7424),(9872, 3195),(9873, 3705),(9874, 8938),(9875, 3576),(9876, 1067),(9877, 4606),(9878, 9832),(9879, 5343),(9880, 7219),(9881, 68),(9882, 8682),(9883, 3207),(9884, 9989),(9885, 327),(9886, 1666),(9887, 7348),(9888, 1745),(9889, 6679),(9890, 8162),(9891, 773),(9892, 9379),(9893, 4575),(9894, 4740),(9895, 9977),(9896, 5663),(9897, 8387),(9898, 4944),(9899, 9559),(9900, 2963),(9901, 6141),(9902, 1815),(9903, 652),(9904, 7818),(9905, 7134),(9906, 2215),(9907, 9674),(9908, 1728),(9909, 9616),(9910, 2896),(9911, 5633),(9912, 9478),(9913, 492),(9914, 4027),(9915, 8660),(9916, 1220),(9917, 120),(9918, 6940),(9919, 4343),(9920, 893),(9921, 1436),(9922, 4501),(9923, 8200),(9924, 7497),(9925, 2885),(9926, 1934),(9927, 1014),(9928, 9271),(9929, 3315),(9930, 8760),(9931, 3855),(9932, 2995),(9933, 3411),(9934, 8072),(9935, 125),(9936, 6412),(9937, 1686),(9938, 9193),(9939, 909),(9940, 6965),(9941, 2098),(9942, 9596),(9943, 1688),(9944, 9651),(9945, 3191),(9946, 7005),(9947, 5452),(9948, 6243),(9949, 4861),(9950, 5577),(9951, 3300),(9952, 9773),(9953, 8963),(9954, 5496),(9955, 591),(9956, 6468),(9957, 566),(9958, 3427),(9959, 5438),(9960, 6910),(9961, 8237),(9962, 453),(9963, 7556),(9964, 6419),(9965, 9431),(9966, 7898),(9967, 1198),(9968, 2295),(9969, 7884),(9970, 2534),(9971, 9018),(9972, 7489),(9973, 393),(9974, 9495),(9975, 6300),(9976, 3015),(9977, 6175),(9978, 1829),(9979, 622),(9980, 7624),(9981, 6253),(9982, 8396),(9983, 3219),(9984, 906),(9985, 4877),(9986, 1667),(9987, 3704),(9988, 3520),(9989, 6489),(9990, 1884),(9991, 9953),(9992, 4114),(9993, 712),(9994, 1220),(9995, 3963),(9996, 6158),(9997, 8899),(9998, 6022),(9999, 3412),(10000, 8996);
UNLOCK TABLES;
COMMIT;
